Time,KHOU,COAST
1/1/10 15:00,7.1,8222.02942
1/2/10 15:00,9.1,8379.872342
1/3/10 15:00,6.1,8679.087157
1/4/10 15:00,4.1,10273.567
1/5/10 15:00,3.1,10317.80117
1/6/10 15:00,8.1,9982.982917
1/7/10 15:00,7.6,11214.2518
1/8/10 15:00,-1.9,12757.1009
1/9/10 15:00,-0.9,10509.79573
1/10/10 15:00,1.1,9907.056566
1/11/10 15:00,7.1,9758.271886
1/12/10 15:00,12.1,9065.142431
1/14/10 15:00,12.35,9461.299563
1/15/10 15:00,12.1,9866.281672
1/16/10 15:00,9.1,8891.586403
1/17/10 15:00,11.1,8050.663285
1/18/10 15:00,16.1,9058.217323
1/19/10 15:00,19.1,9309.4176
1/20/10 15:00,20.1,9561.486185
1/21/10 15:00,19.1,9642.072929
1/22/10 15:00,18.1,9155.609373
1/23/10 15:00,21.1,8922.04694
1/24/10 15:00,16.1,8129.405876
1/25/10 15:00,13.1,9045.412015
1/26/10 15:00,15.1,8737.142321
1/27/10 15:00,16.1,8870.408835
1/28/10 15:00,16.1,9001.845157
1/29/10 15:00,12.1,9894.641486
1/30/10 15:00,3.1,10160.07454
1/31/10 15:00,3.1,9733.305649
2/1/10 15:00,7.1,10250.22478
2/2/10 15:00,11.1,9323.115857
2/3/10 15:00,9.1,9986.103923
2/4/10 15:00,10.6,9894.342827
2/5/10 15:00,9.85,9158.541836
2/6/10 15:00,11.1,8348.479234
2/7/10 15:00,8.1,8677.120765
2/8/10 15:00,17.1,9447.059035
2/9/10 15:00,8.1,9941.68988
2/10/10 15:00,6.1,10762.94638
2/11/10 15:00,6.1,11269.83829
2/12/10 15:00,3.1,10986.84277
2/13/10 15:00,3.1,9262.766186
2/14/10 15:00,15.1,8365.962615
2/15/10 15:00,5.1,10370.12012
2/16/10 15:00,8.1,9422.015166
2/17/10 15:00,9.1,9366.210373
2/18/10 15:00,11.1,9374.800294
2/19/10 15:00,12.1,9222.723063
2/20/10 15:00,14.1,8408.985587
2/21/10 15:00,17.1,8176.893642
2/22/10 15:00,10.6,9456.80394
2/23/10 15:00,6.1,10791.09114
2/24/10 15:00,7.1,9495.82532
2/25/10 15:00,11.1,9204.328158
2/26/10 15:00,17.1,9436.251996
2/27/10 15:00,11.1,8364.657639
2/28/10 15:00,15.1,8206.720439
3/1/10 15:00,13.1,9738.796242
3/2/10 15:00,9.1,9247.003604
3/3/10 15:00,11.1,9027.652554
3/4/10 15:00,14.1,9165.575005
3/5/10 15:00,15.1,9002.912074
3/6/10 15:00,16.1,8132.889686
3/7/10 15:00,18.1,8085.836456
3/8/10 15:00,16.1,9102.543796
3/9/10 15:00,18.85,9907.196598
3/10/10 15:00,20.6,9849.385093
3/11/10 15:00,17.35,10063.66278
3/12/10 15:00,16.1,8960.204465
3/13/10 15:00,17.1,8302.661103
3/14/10 15:00,18.35,8433.703449
3/15/10 15:00,17.85,9588.474395
3/16/10 15:00,15.1,9190.182863
3/17/10 15:00,16.1,8899.074377
3/18/10 15:00,15.1,9067.986529
3/19/10 15:00,19.1,8863.900805
3/20/10 15:00,18.1,8637.042691
3/21/10 15:00,9.1,8853.704516
3/22/10 15:00,14.1,8984.844459
3/23/10 15:00,19.1,9084.655183
3/24/10 15:00,18.1,8832.646203
3/25/10 15:00,15.1,9014.177572
3/26/10 15:00,16.1,9240.55585
3/27/10 15:00,19.1,8870.772764
3/28/10 15:00,17.1,8190.714383
3/29/10 15:00,17.1,9378.51923
3/30/10 15:00,20.1,9448.74256
3/31/10 15:00,21.1,9595.454583
4/1/10 15:00,22.1,9884.290221
4/2/10 15:00,21.1,9575.828745
4/3/10 15:00,25.1,10796.83164
4/4/10 15:00,21.35,9467.39983
4/5/10 15:00,22.1,11024.90286
4/6/10 15:00,23.1,10878.79051
4/7/10 15:00,23.1,11025.71904
4/8/10 15:00,16.1,9394.237452
4/9/10 15:00,19.1,9586.6258
4/10/10 15:00,18.1,8574.829332
4/11/10 15:00,21.1,8962.686802
4/12/10 15:00,22.1,10142.06969
4/13/10 15:00,22.1,10335.55245
4/14/10 15:00,21.1,10341.29698
4/15/10 15:00,22.1,10393.86197
4/16/10 15:00,22.1,10300.31338
4/17/10 15:00,23.1,9806.316924
4/18/10 15:00,22.1,8727.02588
4/19/10 15:00,17.6,9192.292467
4/20/10 15:00,19.1,9987.505116
4/21/10 15:00,23.1,10337.47941
4/22/10 15:00,23.1,10518.70258
4/23/10 15:00,24.1,11675.48139
4/24/10 15:00,25.1,10737.63791
4/25/10 15:00,24.1,10175.48157
4/26/10 15:00,26.1,12146.29113
4/27/10 15:00,23.1,10340.45281
4/28/10 15:00,23.1,10807.69545
4/29/10 15:00,24.1,11481.91016
4/30/10 15:00,24.1,11348.64718
5/1/10 15:00,28.1,11991.09993
5/2/10 15:00,26.1,11476.11877
5/3/10 15:00,29.1,13296.14495
5/4/10 15:00,26.1,12607.02954
5/5/10 15:00,28.1,13222.0104
5/6/10 15:00,26.1,12943.00771
5/7/10 15:00,27.6,14219.24
5/8/10 15:00,25.1,11020.60797
5/9/10 15:00,23.1,10158.17507
5/10/10 15:00,27.1,13164.34476
5/11/10 15:00,29.1,14008.62612
5/12/10 15:00,28.1,13582.26205
5/13/10 15:00,27.1,12993.40829
5/14/10 15:00,28.1,13473.32493
5/15/10 15:00,21.35,9562.362805
5/16/10 15:00,24.1,12196.28081
5/17/10 15:00,29.1,14350.16155
5/18/10 15:00,27.1,12835.54855
5/19/10 15:00,28.1,13846.4667
5/20/10 15:00,29.1,14062.66195
5/21/10 15:00,28.1,14480.35459
5/22/10 15:00,30.1,13854.89779
5/23/10 15:00,29.1,13751.64518
5/24/10 15:00,29.1,14553.80742
5/25/10 15:00,29.1,14075.36445
5/26/10 15:00,29.1,14868.23736
5/27/10 15:00,29.1,15172.29332
5/28/10 15:00,32.1,16050.06422
5/29/10 15:00,32.1,15108.32954
5/30/10 15:00,30.1,14003.42889
5/31/10 15:00,29.1,14697.8697
6/1/10 15:00,29.1,15307.33522
6/2/10 15:00,31.1,15462.2369
6/3/10 15:00,24.1,11924.56003
6/4/10 15:00,25.6,13780.87734
6/5/10 15:00,30.1,14591.92603
6/6/10 15:00,31.1,15122.96591
6/7/10 15:00,28.6,14019.22571
6/8/10 15:00,23.35,12508.65324
6/9/10 15:00,31.1,15286.9835
6/10/10 15:00,31.1,15578.16733
6/11/10 15:00,31.1,15772.18552
6/12/10 15:00,32.1,15076.57145
6/13/10 15:00,30.35,15242.97416
6/14/10 15:00,30.1,16516.01744
6/15/10 15:00,31.1,15689.19505
6/16/10 15:00,31.1,16590.52063
6/17/10 15:00,32.1,16401.1136
6/18/10 15:00,31.1,16692.96836
6/19/10 15:00,31.1,16279.37889
6/20/10 15:00,31.1,16038.70575
6/21/10 15:00,31.1,17234.00842
6/22/10 15:00,32.1,17177.05421
6/23/10 15:00,32.1,15507.62319
6/24/10 15:00,28.1,14589.41202
6/25/10 15:00,31.1,15061.60303
6/26/10 15:00,31.1,15822.94235
6/27/10 15:00,32.1,15779.66542
6/28/10 15:00,30.1,15257.13201
6/29/10 15:00,30.1,15426.07291
6/30/10 15:00,27.1,12973.91848
7/1/10 15:00,28.1,12034.50392
7/2/10 15:00,28.1,12004.98396
7/3/10 15:00,31.1,12364.94494
7/4/10 15:00,31.1,14056.4236
7/5/10 15:00,31.1,15634.04334
7/6/10 15:00,31.1,15706.18677
7/7/10 15:00,27.85,13205.78063
7/8/10 15:00,27.1,11848.23048
7/9/10 15:00,29.1,14521.1624
7/10/10 15:00,30.1,14855.04671
7/11/10 15:00,29.6,14887.63324
7/12/10 15:00,31.1,16147.36282
7/13/10 15:00,31.1,16356.18805
7/14/10 15:00,31.1,16486.24337
7/15/10 15:00,31.1,16575.212
7/16/10 15:00,31.1,16603.96623
7/17/10 15:00,31.1,15479.18013
7/18/10 15:00,30.1,13795.4714
7/19/10 15:00,29.1,13396.00955
7/20/10 15:00,30.1,14963.40615
7/21/10 15:00,30.1,15348.38728
7/22/10 15:00,30.1,15261.48631
7/23/10 15:00,31.1,15764.05729
7/24/10 15:00,30.1,15220.80316
7/25/10 15:00,32.1,15314.22396
7/26/10 15:00,31.1,15100.31214
7/27/10 15:00,29.1,13739.14177
7/28/10 15:00,29.1,13599.17645
7/29/10 15:00,31.1,15838.50598
7/30/10 15:00,30.1,16435.10677
7/31/10 15:00,29.6,15646.60854
8/1/10 15:00,31.1,15949.0938
8/2/10 15:00,32.1,17173.8768
8/3/10 15:00,32.1,17309.64922
8/4/10 15:00,32.1,17269.52121
8/5/10 15:00,32.1,17044.50253
8/6/10 15:00,31.1,16604.22352
8/7/10 15:00,32.1,15570.92544
8/8/10 15:00,31.1,16207.93473
8/9/10 15:00,32.1,17528.90256
8/10/10 15:00,32.1,17518.38579
8/11/10 15:00,33.1,17675.46961
8/12/10 15:00,31.1,16083.9057
8/13/10 15:00,31.1,17197.03357
8/14/10 15:00,32.1,16818.66899
8/15/10 15:00,32.1,17078.62377
8/16/10 15:00,32.1,18063.86876
8/17/10 15:00,32.1,16913.0975
8/18/10 15:00,32.1,17176.95451
8/19/10 15:00,33.1,16264.76913
8/20/10 15:00,32.1,16933.95953
8/21/10 15:00,32.1,16875.72293
8/22/10 15:00,31.6,16351.51979
8/23/10 15:00,32.1,17761.61856
8/24/10 15:00,33.1,16985.42193
8/25/10 15:00,32.1,16397.76724
8/26/10 15:00,31.1,16095.62791
8/27/10 15:00,31.1,15723.08326
8/28/10 15:00,31.1,15829.11984
8/29/10 15:00,31.1,15469.70187
8/30/10 15:00,28.35,14899.04131
8/31/10 15:00,30.1,14832.78041
9/1/10 15:00,31.1,15395.3044
9/2/10 15:00,31.1,15574.30923
9/3/10 15:00,28.1,13387.52773
9/4/10 15:00,28.1,13298.32127
9/5/10 15:00,29.1,13949.04495
9/6/10 15:00,31.1,12380.53646
9/7/10 15:00,24.85,11800.36644
9/8/10 15:00,31.1,14618.14572
9/9/10 15:00,31.1,15967.12614
9/10/10 15:00,31.1,16155.11935
9/11/10 15:00,31.1,15871.32521
9/12/10 15:00,31.1,15837.09451
9/13/10 15:00,31.1,16310.24598
9/14/10 15:00,31.1,16059.7697
9/15/10 15:00,31.1,15193.97366
9/16/10 15:00,29.1,15441.77515
9/17/10 15:00,30.1,14210.49042
9/18/10 15:00,28.1,11788.86665
9/19/10 15:00,29.1,11237.01062
9/20/10 15:00,27.1,12537.01854
9/21/10 15:00,25.1,12616.92098
9/22/10 15:00,28.1,14075.46931
9/23/10 15:00,31.1,14702.52413
9/24/10 15:00,29.6,14467.24546
9/25/10 15:00,30.1,13786.96309
9/26/10 15:00,28.1,12525.66726
9/27/10 15:00,22.1,10891.4234
9/28/10 15:00,24.1,11160.89412
9/29/10 15:00,27.1,12368.92254
9/30/10 15:00,27.1,12798.0877
10/1/10 15:00,27.1,13200.61265
10/2/10 15:00,24.1,10984.93048
10/3/10 15:00,21.1,9841.114329
10/4/10 15:00,19.1,10116.63453
10/5/10 15:00,21.1,10151.31856
10/6/10 15:00,23.1,10198.34872
10/7/10 15:00,25.1,10826.97344
10/8/10 15:00,25.1,11590.49393
10/9/10 15:00,24.1,11296.72424
10/10/10 15:00,26.1,11530.72872
10/11/10 15:00,27.1,13595.37956
10/12/10 15:00,25.1,13547.00642
10/13/10 15:00,26.1,12370.23794
10/14/10 15:00,22.1,11180.29202
10/15/10 15:00,23.1,10613.52337
10/16/10 15:00,26.1,9998.902128
10/17/10 15:00,26.1,10776.71276
10/18/10 15:00,27.1,12366.5702
10/19/10 15:00,26.1,12625.64928
10/20/10 15:00,26.1,12894.82153
10/21/10 15:00,26.1,12765.09942
10/22/10 15:00,28.1,12480.04743
10/23/10 15:00,27.1,11994.47853
10/24/10 15:00,28.1,12734.4252
10/25/10 15:00,27.1,13379.68903
10/26/10 15:00,28.1,14119.12895
10/27/10 15:00,29.1,14881.19987
10/28/10 15:00,24.1,10729.12511
10/29/10 15:00,17.1,9357.627211
10/30/10 15:00,21.1,8758.852182
10/31/10 15:00,24.1,10284.26199
11/1/10 15:00,27.1,12970.52679
11/2/10 15:00,15.35,9342.0433
11/3/10 15:00,12.35,8916.226765
11/4/10 15:00,17.1,9016.441751
11/5/10 15:00,15.1,8876.058536
11/7/10 15:00,16.1,8026.69571
11/8/10 15:00,20.1,9692.325737
11/9/10 15:00,22.1,10183.80954
11/10/10 15:00,22.1,10168.66625
11/11/10 15:00,21.1,10353.37555
11/12/10 15:00,23.1,11292.62535
11/13/10 15:00,13.1,8187.934777
11/14/10 15:00,11.1,8224.982435
11/15/10 15:00,14.1,9100.204758
11/16/10 15:00,14.1,9055.339411
11/17/10 15:00,21.1,9671.902721
11/18/10 15:00,12.1,8986.171408
11/19/10 15:00,13.1,9182.711012
11/20/10 15:00,19.1,8839.382492
11/21/10 15:00,24.1,9782.029518
11/22/10 15:00,24.1,11226.90033
11/23/10 15:00,22.85,11674.52751
11/24/10 15:00,25.1,11382.61369
11/25/10 15:00,25.1,9887.439285
11/26/10 15:00,5.1,8196.994987
11/27/10 15:00,11.1,7846.534976
11/28/10 15:00,14.1,8011.277668
11/29/10 15:00,23.1,10417.72501
11/30/10 15:00,11.1,9244.103193
12/1/10 15:00,12.1,9090.882507
12/2/10 15:00,18.1,9009.180464
12/3/10 15:00,20.1,9423.547717
12/4/10 15:00,21.1,9274.918957
12/5/10 15:00,11.1,8084.747794
12/6/10 15:00,8.1,9359.973921
12/7/10 15:00,12.1,9046.682159
12/8/10 15:00,8.35,9610.682689
12/9/10 15:00,11.1,9010.87039
12/10/10 15:00,20.1,8849.451312
12/11/10 15:00,21.1,8673.377825
12/12/10 15:00,9.1,8336.592072
12/13/10 15:00,8.1,9393.243538
12/14/10 15:00,17.1,9030.489513
12/15/10 15:00,21.1,9541.66897
12/16/10 15:00,21.1,9369.999682
12/17/10 15:00,13.85,9122.584031
12/18/10 15:00,9.1,8150.006877
12/19/10 15:00,12.1,8051.063521
12/20/10 15:00,22.1,9550.845946
12/21/10 15:00,22.6,10406.45053
12/22/10 15:00,22.1,9828.641042
12/23/10 15:00,16.1,8617.031929
12/24/10 15:00,16.1,8413.629884
12/25/10 15:00,7.1,8598.799128
12/26/10 15:00,4.1,8516.960659
12/27/10 15:00,8.1,9814.135537
12/28/10 15:00,17.1,9243.76751
12/29/10 15:00,18.1,9067.076522
12/30/10 15:00,21.6,9229.157037
12/31/10 15:00,22.1,9003.220586
1/1/11 15:00,15.1,7783.054955
1/2/11 15:00,8.1,8225.026122
1/3/11 15:00,11.1,9284.240335
1/4/11 15:00,16.1,9312.625254
1/5/11 15:00,20.1,9429.692813
1/6/11 15:00,14.1,9262.753634
1/7/11 15:00,14.1,9065.395502
1/8/11 15:00,14.1,8381.682699
1/9/11 15:00,8.1,9295.582413
1/10/11 15:00,7.1,10881.17595
1/11/11 15:00,5.1,10584.10617
1/12/11 15:00,3.1,10967.2052
1/13/11 15:00,3.1,11494.25864
1/14/11 15:00,9.1,10189.95421
1/15/11 15:00,13.1,8601.592868
1/16/11 15:00,16.1,8622.683391
1/17/11 15:00,11.1,9372.927228
1/18/11 15:00,16.1,9337.402093
1/19/11 15:00,13.1,9300.80294
1/20/11 15:00,17.1,9703.89938
1/21/11 15:00,3.1,10292.31273
1/22/11 15:00,6.1,8899.812237
1/23/11 15:00,14.1,8327.214316
1/24/11 15:00,12.1,9972.792534
1/25/11 15:00,10.1,9289.166988
1/26/11 15:00,11.1,9313.917721
1/27/11 15:00,12.1,9120.334504
1/28/11 15:00,16.1,9125.36918
1/29/11 15:00,21.1,8303.121699
1/30/11 15:00,19.1,8117.488549
1/31/11 15:00,17.1,9445.286726
2/1/11 15:00,7.6,10555.9251
2/2/11 15:00,-2.9,11629.79501
2/3/11 15:00,0.1,12399.75861
2/4/11 15:00,-1.9,12103.95071
2/5/11 15:00,6.1,8921.666138
2/6/11 15:00,16.1,7789.646768
2/7/11 15:00,10.1,9460.053381
2/8/11 15:00,11.1,9385.851792
2/9/11 15:00,9.1,12063.71318
2/10/11 15:00,-0.9,11210.84153
2/11/11 15:00,4.1,9808.897877
2/12/11 15:00,10.1,8628.69693
2/13/11 15:00,14.1,8202.789205
2/14/11 15:00,19.1,9365.198427
2/15/11 15:00,20.1,9312.819283
2/16/11 15:00,19.1,9122.808967
2/17/11 15:00,21.1,9481.920823
2/18/11 15:00,21.1,10048.5073
2/19/11 15:00,18.6,9030.02602
2/20/11 15:00,20.6,8902.563706
2/21/11 15:00,22.1,10284.68046
2/22/11 15:00,19.1,10119.7433
2/23/11 15:00,22.1,10605.08897
2/24/11 15:00,24.1,10355.13025
2/25/11 15:00,18.1,9840.882416
2/26/11 15:00,21.1,8923.794547
2/27/11 15:00,23.6,9844.847683
2/28/11 15:00,23.1,10283.66963
3/1/11 15:00,16.1,9102.272296
3/2/11 15:00,18.1,9334.861283
3/3/11 15:00,18.85,9664.270522
3/4/11 15:00,21.6,10019.80814
3/5/11 15:00,15.1,7894.796156
3/6/11 15:00,12.1,7956.021828
3/7/11 15:00,17.1,9144.692356
3/8/11 15:00,22.1,9757.773843
3/9/11 15:00,17.1,9509.608866
3/10/11 15:00,16.1,9085.822657
3/11/11 15:00,19.1,8964.582284
3/12/11 15:00,22.1,8840.893962
3/13/11 15:00,22.1,8573.433865
3/14/11 15:00,21.6,8937.165996
3/15/11 15:00,15.1,8950.680287
3/16/11 15:00,19.1,9629.011442
3/17/11 15:00,23.1,10137.77892
3/18/11 15:00,23.6,10390.24376
3/19/11 15:00,23.1,9941.118581
3/20/11 15:00,24.1,9850.124973
3/21/11 15:00,23.1,10901.73328
3/22/11 15:00,24.1,10970.28169
3/23/11 15:00,26.1,11842.94396
3/24/11 15:00,25.1,11104.21182
3/25/11 15:00,24.1,11316.41088
3/26/11 15:00,26.1,11447.06061
3/27/11 15:00,26.1,11000.24583
3/28/11 15:00,18.1,9559.206721
3/29/11 15:00,22.1,9923.572979
3/30/11 15:00,16.1,8998.788391
3/31/11 15:00,19.1,10096.54755
4/1/11 15:00,21.35,11296.74179
4/2/11 15:00,25.1,10869.13846
4/3/11 15:00,25.6,9813.053365
4/4/11 15:00,27.1,10150.04911
4/5/11 15:00,19.1,9385.759792
4/6/11 15:00,22.1,9998.29872
4/7/11 15:00,25.1,11641.15385
4/8/11 15:00,27.1,12793.52416
4/9/11 15:00,27.1,11949.15705
4/10/11 15:00,27.1,11803.62959
4/11/11 15:00,26.1,12268.33115
4/12/11 15:00,24.1,11082.46314
4/13/11 15:00,23.1,10982.51076
4/14/11 15:00,24.6,11820.2249
4/15/11 15:00,26.1,11587.66856
4/16/11 15:00,23.1,9556.998201
4/17/11 15:00,24.1,9579.31808
4/18/11 15:00,27.1,12976.34258
4/19/11 15:00,28.1,14163.32854
4/20/11 15:00,28.1,14025.36088
4/21/11 15:00,28.1,13195.99376
4/22/11 15:00,28.1,12889.59884
4/23/11 15:00,28.1,12483.48915
4/24/11 15:00,28.1,11916.40866
4/25/11 15:00,28.1,13750.24177
4/26/11 15:00,26.35,12669.09999
4/27/11 15:00,31.1,13718.93684
4/28/11 15:00,20.1,10816.11971
4/29/11 15:00,26.1,11575.26791
4/30/11 15:00,27.6,12075.50292
5/1/11 15:00,28.1,13197.82294
5/2/11 15:00,20.1,10937.01292
5/3/11 15:00,18.1,9584.02212
5/4/11 15:00,21.1,10249.62008
5/5/11 15:00,23.1,10955.54371
5/6/11 15:00,25.1,12045.59817
5/7/11 15:00,27.1,12478.37274
5/8/11 15:00,27.6,13313.05977
5/9/11 15:00,29.1,15086.481
5/10/11 15:00,29.1,14366.31153
5/11/11 15:00,28.1,12563.84332
5/12/11 15:00,28.1,11831.76537
5/13/11 15:00,26.1,13829.54749
5/14/11 15:00,22.1,10725.91722
5/15/11 15:00,22.1,9996.117139
5/16/11 15:00,26.1,12397.52064
5/17/11 15:00,24.1,12271.24781
5/18/11 15:00,25.1,12035.58716
5/19/11 15:00,27.1,13134.22742
5/20/11 15:00,29.1,14981.0038
5/21/11 15:00,28.1,13238.53983
5/22/11 15:00,29.1,14136.66558
5/23/11 15:00,29.1,14944.54394
5/24/11 15:00,30.1,15837.30007
5/25/11 15:00,31.1,16146.46117
5/26/11 15:00,31.1,15824.87747
5/27/11 15:00,30.1,16288.33117
5/28/11 15:00,31.1,15368.25776
5/29/11 15:00,31.1,14571.65701
5/30/11 15:00,31.1,15305.14401
5/31/11 15:00,31.1,16730.11353
6/1/11 15:00,31.1,16445.8933
6/2/11 15:00,31.1,16969.95827
6/3/11 15:00,32.1,16469.65512
6/4/11 15:00,31.1,15387.64198
6/5/11 15:00,33.1,16546.95418
6/6/11 15:00,34.1,17541.07241
6/7/11 15:00,31.1,14726.24948
6/8/11 15:00,31.1,15848.86588
6/9/11 15:00,32.1,15856.80195
6/10/11 15:00,31.1,15579.88823
6/11/11 15:00,32.1,15227.9673
6/12/11 15:00,31.1,15060.56746
6/13/11 15:00,32.1,16618.4584
6/14/11 15:00,32.1,16952.90803
6/15/11 15:00,33.1,17295.81173
6/16/11 15:00,34.1,17287.32078
6/17/11 15:00,34.1,17387.59214
6/18/11 15:00,33.1,16551.29456
6/19/11 15:00,34.1,16127.59003
6/20/11 15:00,32.1,17030.30579
6/21/11 15:00,31.1,16832.36939
6/22/11 15:00,21.35,11690.83718
6/23/11 15:00,28.1,15326.43155
6/24/11 15:00,29.1,15396.83058
6/25/11 15:00,32.1,15737.83363
6/26/11 15:00,32.1,15887.16612
6/27/11 15:00,32.1,17205.37596
6/28/11 15:00,32.1,16935.78604
6/29/11 15:00,32.1,16949.1602
6/30/11 15:00,32.1,17100.38268
7/1/11 15:00,32.1,16640.16269
7/2/11 15:00,32.1,16042.80939
7/3/11 15:00,31.1,15794.29002
7/4/11 15:00,31.1,15723.85492
7/5/11 15:00,29.85,16692.0964
7/6/11 15:00,31.1,16483.52002
7/7/11 15:00,31.1,16440.18518
7/8/11 15:00,32.1,16804.10118
7/9/11 15:00,31.1,15737.12138
7/10/11 15:00,32.1,15670.23148
7/11/11 15:00,32.1,17263.21504
7/12/11 15:00,33.1,16888.3547
7/13/11 15:00,32.1,17233.93263
7/14/11 15:00,31.1,17253.34425
7/15/11 15:00,31.1,15660.34715
7/16/11 15:00,27.1,13562.27042
7/17/11 15:00,32.1,15529.05821
7/18/11 15:00,31.1,15593.60279
7/19/11 15:00,27.1,12556.75046
7/20/11 15:00,28.1,15590.36655
7/21/11 15:00,32.1,16972.49582
7/22/11 15:00,32.1,15993.07789
7/23/11 15:00,32.1,16528.36427
7/24/11 15:00,31.1,16031.31792
7/25/11 15:00,31.1,17207.75275
7/26/11 15:00,31.1,16960.19396
7/27/11 15:00,32.1,17341.25734
7/28/11 15:00,32.1,16237.92855
7/29/11 15:00,29.6,15258.54111
7/30/11 15:00,31.1,15506.27229
7/31/11 15:00,31.1,16038.80639
8/1/11 15:00,32.1,17700.7175
8/2/11 15:00,32.1,17736.95529
8/3/11 15:00,32.1,17824.6048
8/4/11 15:00,32.1,17718.61421
8/5/11 15:00,33.1,17729.32406
8/6/11 15:00,33.1,16992.35032
8/7/11 15:00,33.1,16604.71819
8/8/11 15:00,33.1,18100.44407
8/9/11 15:00,33.1,18193.44914
8/10/11 15:00,33.1,18260.7245
8/11/11 15:00,34.1,18123.97935
8/12/11 15:00,33.1,18017.58195
8/13/11 15:00,31.1,16563.04174
8/14/11 15:00,32.1,16748.49649
8/15/11 15:00,31.1,17981.66864
8/16/11 15:00,32.1,18166.14957
8/17/11 15:00,33.1,18577.01128
8/18/11 15:00,33.1,18761.70275
8/19/11 15:00,33.1,18596.54042
8/20/11 15:00,33.1,17534.47925
8/21/11 15:00,32.1,16940.74347
8/22/11 15:00,32.1,17839.26926
8/23/11 15:00,33.1,17966.13242
8/24/11 15:00,32.1,17875.96268
8/25/11 15:00,24.85,14392.01325
8/26/11 15:00,33.1,17581.206
8/28/11 15:00,35.1,17813.71168
8/29/11 15:00,34.1,18293.70435
8/30/11 15:00,33.1,17987.08903
8/31/11 15:00,33.1,17521.32643
9/1/11 15:00,31.85,17154.47849
9/2/11 15:00,31.1,17184.62928
9/3/11 15:00,31.1,14733.65753
9/4/11 15:00,29.1,12155.37161
9/5/11 15:00,29.1,13651.21402
9/6/11 15:00,26.1,13030.22983
9/7/11 15:00,27.1,13272.64623
9/8/11 15:00,28.1,13542.0489
9/9/11 15:00,29.1,14758.5929
9/10/11 15:00,29.1,14809.3355
9/11/11 15:00,30.1,15500.2992
9/12/11 15:00,31.1,16739.53783
9/13/11 15:00,30.1,17371.44747
9/14/11 15:00,32.1,16586.98072
9/15/11 15:00,31.1,16038.90864
9/16/11 15:00,27.1,14784.84633
9/17/11 15:00,30.1,13007.53508
9/18/11 15:00,26.1,12728.39166
9/19/11 15:00,23.1,13354.29584
9/20/11 15:00,28.1,14623.50095
9/21/11 15:00,29.1,15168.21997
9/22/11 15:00,29.1,14823.14924
9/23/11 15:00,27.1,14570.38898
9/24/11 15:00,28.1,14079.01075
9/25/11 15:00,31.1,15484.35872
9/26/11 15:00,32.1,16751.15592
9/27/11 15:00,30.1,16397.51997
9/28/11 15:00,31.1,16379.30726
9/29/11 15:00,29.1,16263.26554
9/30/11 15:00,28.1,13710.54587
10/1/11 15:00,25.1,11018.14888
10/2/11 15:00,23.1,10619.36127
10/3/11 15:00,25.1,11467.49526
10/4/11 15:00,25.1,12012.85146
10/5/11 15:00,27.1,12777.02263
10/6/11 15:00,27.6,13638.1239
10/7/11 15:00,29.1,13715.28679
10/8/11 15:00,28.1,12874.3995
10/9/11 15:00,23.1,9566.148817
10/10/11 15:00,24.1,12551.0534
10/11/11 15:00,27.1,13244.47775
10/12/11 15:00,27.1,13259.48821
10/13/11 15:00,27.1,12603.45978
10/14/11 15:00,26.1,11851.61109
10/15/11 15:00,26.1,11734.20982
10/16/11 15:00,27.1,12285.47357
10/17/11 15:00,27.1,13774.06983
10/18/11 15:00,19.1,9977.341852
10/19/11 15:00,17.1,9024.050957
10/20/11 15:00,19.1,9496.568388
10/21/11 15:00,26.1,11206.9109
10/22/11 15:00,26.1,11084.76621
10/23/11 15:00,26.1,11005.65331
10/24/11 15:00,26.1,13205.51475
10/25/11 15:00,26.1,12648.65574
10/26/11 15:00,27.1,12656.55559
10/27/11 15:00,26.1,12475.90119
10/28/11 15:00,15.1,8698.82351
10/29/11 15:00,16.1,7993.619886
10/30/11 15:00,18.1,8078.909179
10/31/11 15:00,20.1,9621.621456
11/1/11 15:00,23.1,9890.35365
11/2/11 15:00,24.1,11283.69164
11/3/11 15:00,12.1,8966.65527
11/4/11 15:00,13.1,8890.327387
11/5/11 15:00,17.1,8164.171837
11/6/11 15:00,24.1,9441.427965
11/7/11 15:00,23.1,11276.01293
11/8/11 15:00,26.1,11520.16773
11/9/11 15:00,16.1,8872.332279
11/10/11 15:00,15.1,8824.226121
11/11/11 15:00,17.1,8739.365856
11/12/11 15:00,23.1,8608.457051
11/13/11 15:00,26.1,10265.80431
11/14/11 15:00,24.1,11583.09184
11/15/11 15:00,26.1,10636.9916
11/16/11 15:00,23.1,11467.18438
11/17/11 15:00,14.1,9037.028741
11/18/11 15:00,16.1,9207.315498
11/19/11 15:00,24.1,9641.506371
11/20/11 15:00,25.1,11266.93365
11/21/11 15:00,26.1,12229.18651
11/22/11 15:00,23.1,9756.989619
11/23/11 15:00,16.1,9395.688164
11/24/11 15:00,13.1,7951.553084
11/25/11 15:00,21.1,8784.471878
11/26/11 15:00,24.1,8424.976107
11/27/11 15:00,11.1,8183.48813
11/28/11 15:00,7.1,9094.067771
11/29/11 15:00,14.1,8899.243218
11/30/11 15:00,12.1,8801.089089
12/1/11 15:00,19.1,8898.947787
12/2/11 15:00,19.1,9165.681739
12/3/11 15:00,21.1,8778.931744
12/4/11 15:00,22.1,8369.059529
12/5/11 15:00,11.1,9612.047512
12/6/11 15:00,6.1,10867.45288
12/7/11 15:00,3.1,10014.00837
12/8/11 15:00,9.1,9347.695037
12/9/11 15:00,14.1,9371.679069
12/10/11 15:00,12.1,8978.467346
12/11/11 15:00,9.1,8470.419756
12/12/11 15:00,13.1,9367.717841
12/13/11 15:00,16.1,9372.141132
12/14/11 15:00,19.1,10030.34396
12/15/11 15:00,19.1,10452.67356
12/16/11 15:00,14.1,9191.206626
12/17/11 15:00,13.1,8357.980377
12/18/11 15:00,13.1,8090.315103
12/19/11 15:00,20.1,9403.124774
12/20/11 15:00,15.85,8993.313658
12/21/11 15:00,10.1,8990.038247
12/22/11 15:00,12.1,8948.141677
12/23/11 15:00,11.1,8797.287225
12/24/11 15:00,9.1,9646.812995
12/25/11 15:00,8.6,8786.027011
12/26/11 15:00,9.1,9202.411685
12/27/11 15:00,9.1,9027.369842
12/28/11 15:00,13.1,8777.300653
12/29/11 15:00,11.1,8709.401125
12/30/11 15:00,14.1,8642.798114
12/31/11 15:00,18.1,8555.342302
1/1/12 15:00,16.1,7700.107915
1/2/12 15:00,12.1,8755.593666
1/3/12 15:00,8.1,9473.179235
1/4/12 15:00,17.1,9205.170385
1/5/12 15:00,18.1,9452.772302
1/6/12 15:00,18.1,9529.899446
1/7/12 15:00,19.1,9179.20715
1/8/12 15:00,19.6,9103.933802
1/9/12 15:00,21.1,9538.431412
1/10/12 15:00,9.1,9956.686108
1/11/12 15:00,14.1,9333.100565
1/12/12 15:00,7.1,10296.0923
1/13/12 15:00,8.1,9551.557816
1/14/12 15:00,11.1,8502.863578
1/15/12 15:00,14.1,8112.954085
1/16/12 15:00,22.1,9683.275789
1/17/12 15:00,22.1,9931.673308
1/18/12 15:00,9.1,9026.477901
1/19/12 15:00,17.1,9223.738126
1/20/12 15:00,22.1,10108.70286
1/21/12 15:00,21.1,8921.061542
1/22/12 15:00,22.1,9342.62192
1/23/12 15:00,16.1,9291.952681
1/24/12 15:00,17.1,9148.130222
1/25/12 15:00,22.1,9318.912943
1/26/12 15:00,12.85,8991.459782
1/27/12 15:00,15.1,8995.941805
1/28/12 15:00,15.1,8233.170358
1/29/12 15:00,12.1,7925.764006
1/30/12 15:00,15.1,8988.793325
1/31/12 15:00,19.1,9178.92019
2/1/12 15:00,22.1,10041.76881
2/2/12 15:00,19.1,9587.588163
2/3/12 15:00,21.1,9840.40063
2/4/12 15:00,18.1,8181.103134
2/5/12 15:00,9.1,8601.366616
2/6/12 15:00,9.1,8967.037555
2/7/12 15:00,13.1,8950.081676
2/8/12 15:00,13.1,9059.668061
2/9/12 15:00,11.1,9096.064363
2/10/12 15:00,11.1,9182.450155
2/11/12 15:00,7.1,8556.440689
2/12/12 15:00,3.1,9574.291551
2/13/12 15:00,14.1,9619.836729
2/14/12 15:00,14.1,8863.696049
2/15/12 15:00,21.1,9455.050302
2/16/12 15:00,17.1,8884.173103
2/17/12 15:00,14.1,8847.45792
2/18/12 15:00,15.35,8579.261222
2/19/12 15:00,11.1,7944.546801
2/20/12 15:00,16.1,9249.87697
2/21/12 15:00,17.1,9554.648965
2/22/12 15:00,20.85,10398.22462
2/23/12 15:00,21.1,10528.75704
2/24/12 15:00,16.1,8773.282163
2/25/12 15:00,12.1,8283.564283
2/26/12 15:00,16.1,7762.598462
2/27/12 15:00,16.6,8959.017607
2/28/12 15:00,18.1,9540.706746
2/29/12 15:00,23.1,10692.22994
3/1/12 15:00,22.1,10645.28426
3/2/12 15:00,23.6,10961.85366
3/3/12 15:00,15.1,7999.823313
3/4/12 15:00,17.1,7850.552026
3/5/12 15:00,19.1,9417.632308
3/6/12 15:00,21.1,9179.928215
3/7/12 15:00,23.1,9718.509306
3/8/12 15:00,23.1,10324.17847
3/9/12 15:00,13.1,9151.956759
3/10/12 15:00,12.6,8296.501191
3/11/12 15:00,22.1,8035.220578
3/12/12 15:00,19.1,9458.654525
3/13/12 15:00,22.1,10075.10244
3/14/12 15:00,24.1,10733.47466
3/15/12 15:00,24.1,11133.98618
3/16/12 15:00,24.1,11024.4461
3/17/12 15:00,24.1,10455.25949
3/18/12 15:00,24.1,10362.07705
3/19/12 15:00,24.1,11503.61225
3/20/12 15:00,16.1,9372.516245
3/21/12 15:00,16.1,9223.980254
3/22/12 15:00,22.1,10110.1986
3/23/12 15:00,22.1,10435.17671
3/24/12 15:00,18.6,10297.96302
3/25/12 15:00,21.1,10884.82371
3/26/12 15:00,24.1,11979.07078
3/27/12 15:00,24.1,11065.48657
3/28/12 15:00,24.1,11047.03538
3/29/12 15:00,24.1,10214.04103
3/30/12 15:00,24.35,11520.69091
3/31/12 15:00,23.6,11907.99649
4/1/12 15:00,26.1,12050.13788
4/2/12 15:00,20.1,11096.08644
4/3/12 15:00,26.6,12789.09849
4/4/12 15:00,21.1,11521.98377
4/5/12 15:00,22.6,12545.13015
4/6/12 15:00,25.1,11833.28154
4/7/12 15:00,25.1,11348.17051
4/8/12 15:00,24.1,10962.33186
4/9/12 15:00,24.1,12455.00612
4/10/12 15:00,25.1,12678.393
4/11/12 15:00,26.1,12794.18147
4/12/12 15:00,23.1,12000.39451
4/13/12 15:00,26.1,12283.8233
4/14/12 15:00,28.1,12071.15468
4/15/12 15:00,27.1,11838.91673
4/16/12 15:00,19.1,9741.626407
4/17/12 15:00,21.1,11375.90458
4/18/12 15:00,21.1,10890.58996
4/19/12 15:00,24.1,11187.77293
4/20/12 15:00,24.1,10606.72461
4/21/12 15:00,17.1,8595.854842
4/22/12 15:00,23.1,9775.533237
4/23/12 15:00,21.1,10413.81273
4/24/12 15:00,23.1,11030.55792
4/25/12 15:00,27.1,12725.05023
4/26/12 15:00,27.1,13230.09643
4/27/12 15:00,26.1,12372.0576
4/28/12 15:00,27.1,12256.90066
4/29/12 15:00,27.1,11864.18995
4/30/12 15:00,27.1,13050.04954
5/1/12 15:00,28.1,13267.318
5/2/12 15:00,28.1,14061.91928
5/3/12 15:00,28.1,14271.34372
5/4/12 15:00,29.1,14043.85593
5/5/12 15:00,29.1,13968.61793
5/6/12 15:00,27.1,12080.63656
5/7/12 15:00,28.1,14655.35424
5/8/12 15:00,27.1,13298.16137
5/9/12 15:00,26.1,13099.61913
5/10/12 15:00,27.1,11824.99086
5/11/12 15:00,24.1,12359.01734
5/12/12 15:00,22.1,11547.91187
5/13/12 15:00,23.1,10670.95404
5/14/12 15:00,27.1,12947.15106
5/15/12 15:00,22.1,10227.60431
5/16/12 15:00,24.1,12350.36723
5/17/12 15:00,28.1,13787.82598
5/18/12 15:00,28.1,13813.75713
5/19/12 15:00,28.1,12755.36068
5/20/12 15:00,29.1,13054.52333
5/21/12 15:00,29.1,14741.4331
5/22/12 15:00,29.1,15169.52855
5/23/12 15:00,29.1,14633.57607
5/24/12 15:00,28.1,14884.83257
5/25/12 15:00,29.1,15253.54746
5/26/12 15:00,29.1,14367.01252
5/27/12 15:00,30.1,13871.47749
5/28/12 15:00,29.1,14772.90197
5/29/12 15:00,30.1,16002.37659
5/30/12 15:00,30.1,15873.3971
5/31/12 15:00,29.1,13610.52543
6/1/12 15:00,28.1,14930.60995
6/2/12 15:00,29.1,14980.31924
6/3/12 15:00,31.1,15101.68076
6/4/12 15:00,30.1,16294.47454
6/5/12 15:00,31.1,16594.01993
6/6/12 15:00,31.1,16900.70201
6/7/12 15:00,28.1,16002.18991
6/8/12 15:00,29.1,15067.58396
6/9/12 15:00,28.1,14490.26636
6/10/12 15:00,30.1,15048.3387
6/11/12 15:00,32.1,17015.99076
6/12/12 15:00,30.1,16552.91102
6/13/12 15:00,30.1,15322.8059
6/14/12 15:00,31.1,16383.28391
6/15/12 15:00,31.1,16340.74295
6/16/12 15:00,30.1,12445.36944
6/17/12 15:00,30.1,14089.32618
6/18/12 15:00,29.1,14815.97623
6/19/12 15:00,27.1,13317.9829
6/20/12 15:00,30.1,13611.144
6/21/12 15:00,30.1,15376.43097
6/22/12 15:00,32.1,15836.31362
6/23/12 15:00,32.1,15596.47664
6/24/12 15:00,33.1,16384.91278
6/25/12 15:00,35.1,17918.21089
6/26/12 15:00,36.1,18410.63788
6/27/12 15:00,33.1,18184.11464
6/28/12 15:00,32.1,16548.45831
6/29/12 15:00,30.1,15176.60532
6/30/12 15:00,26.6,11203.21327
7/1/12 15:00,26.6,11386.44954
7/2/12 15:00,31.1,16141.60435
7/3/12 15:00,30.1,15918.99244
7/4/12 15:00,31.1,14895.04072
7/5/12 15:00,30.1,16186.80765
7/6/12 15:00,31.1,16194.74817
7/7/12 15:00,31.1,15304.46409
7/8/12 15:00,27.1,11008.33107
7/9/12 15:00,29.1,12630.77831
7/10/12 15:00,24.1,11871.77196
7/11/12 15:00,24.1,11680.2709
7/12/12 15:00,23.1,10908.1876
7/13/12 15:00,24.35,11916.8154
7/14/12 15:00,28.6,12725.97129
7/15/12 15:00,26.1,11795.39078
7/16/12 15:00,30.1,15810.39159
7/17/12 15:00,31.1,15162.11291
7/18/12 15:00,31.1,15939.3528
7/19/12 15:00,31.1,16418.01681
7/20/12 15:00,31.1,16570.83913
7/21/12 15:00,31.1,15599.07271
7/22/12 15:00,29.1,14519.08739
7/23/12 15:00,30.1,14322.39802
7/24/12 15:00,31.1,15539.32625
7/25/12 15:00,31.1,15715.33771
7/26/12 15:00,31.1,16492.90727
7/27/12 15:00,31.1,16768.8351
7/28/12 15:00,31.1,15889.97507
7/29/12 15:00,31.1,15221.92346
7/30/12 15:00,31.1,17228.19737
7/31/12 15:00,31.1,17237.54696
8/1/12 15:00,31.1,17175.7405
8/2/12 15:00,30.85,17255.45106
8/3/12 15:00,32.1,17264.43333
8/4/12 15:00,32.1,16056.17158
8/5/12 15:00,31.1,13218.60251
8/6/12 15:00,30.1,16737.91568
8/7/12 15:00,31.1,17316.59884
8/8/12 15:00,31.1,16819.91677
8/9/12 15:00,31.1,17257.87539
8/10/12 15:00,32.1,17807.17236
8/11/12 15:00,31.6,16600.63669
8/12/12 15:00,31.1,16200.43974
8/13/12 15:00,32.1,17606.45212
8/14/12 15:00,32.1,17909.64303
8/15/12 15:00,32.1,17500.88169
8/16/12 15:00,31.1,17807.45416
8/17/12 15:00,31.1,16783.77839
8/18/12 15:00,32.1,15473.48712
8/19/12 15:00,24.6,12827.97201
8/20/12 15:00,30.1,16419.29611
8/21/12 15:00,31.1,16116.28456
8/22/12 15:00,29.1,15986.13411
8/23/12 15:00,27.1,15625.22783
8/24/12 15:00,28.1,14578.3533
8/25/12 15:00,30.1,14698.2416
8/26/12 15:00,31.1,15178.32434
8/27/12 15:00,31.1,16521.68671
8/28/12 15:00,32.1,17238.08916
8/29/12 15:00,32.1,17173.0217
8/30/12 15:00,31.1,17244.53512
8/31/12 15:00,32.1,17894.19748
9/1/12 15:00,32.1,13273.76236
9/2/12 15:00,31.1,15704.54824
9/3/12 15:00,31.1,16527.70212
9/4/12 15:00,31.1,17360.22259
9/5/12 15:00,31.1,17287.90139
9/6/12 15:00,31.1,17185.16016
9/7/12 15:00,30.1,17257.36172
9/8/12 15:00,31.1,14186.92855
9/9/12 15:00,26.1,13144.27234
9/10/12 15:00,27.1,14305.42392
9/11/12 15:00,28.1,14666.16208
9/12/12 15:00,27.6,14284.88333
9/13/12 15:00,25.1,13720.24958
9/14/12 15:00,29.1,13856.13159
9/15/12 15:00,26.1,13623.10415
9/16/12 15:00,27.1,13414.47566
9/17/12 15:00,21.1,12910.80649
9/18/12 15:00,27.1,13767.48126
9/19/12 15:00,24.1,13297.51623
9/20/12 15:00,26.1,13162.02492
9/21/12 15:00,26.1,13744.01436
9/22/12 15:00,27.1,14175.05491
9/23/12 15:00,28.1,14408.84912
9/24/12 15:00,27.1,15369.46586
9/25/12 15:00,29.1,15169.23845
9/26/12 15:00,29.1,15383.65816
9/27/12 15:00,28.1,14510.78987
9/28/12 15:00,28.1,13771.93965
9/29/12 15:00,23.1,11044.68619
9/30/12 15:00,21.1,9434.098879
10/1/12 15:00,23.1,11111.8047
10/2/12 15:00,24.1,11845.54926
10/3/12 15:00,25.1,12433.43837
10/4/12 15:00,27.1,13791.41618
10/5/12 15:00,27.1,14093.16739
10/6/12 15:00,26.1,12648.01704
10/7/12 15:00,14.1,8219.064603
10/8/12 15:00,14.1,9520.901313
10/9/12 15:00,24.1,11347.97756
10/10/12 15:00,27.1,14095.70408
10/11/12 15:00,27.1,14109.98463
10/12/12 15:00,28.1,14309.95621
10/13/12 15:00,28.1,13430.70316
10/14/12 15:00,27.1,11686.08317
10/15/12 15:00,24.1,11541.28643
10/16/12 15:00,24.1,10707.67257
10/17/12 15:00,27.1,13179.40189
10/18/12 15:00,23.1,11017.09104
10/19/12 15:00,23.1,10782.59772
10/20/12 15:00,26.1,10552.59906
10/21/12 15:00,27.1,12790.57371
10/22/12 15:00,27.1,13656.63955
10/23/12 15:00,27.1,13402.63383
10/24/12 15:00,26.1,13569.763
10/25/12 15:00,28.1,13943.2516
10/26/12 15:00,17.1,9028.494889
10/27/12 15:00,13.1,8002.28799
10/28/12 15:00,14.1,7843.505812
10/29/12 15:00,16.1,9002.811532
10/30/12 15:00,18.1,9258.619744
10/31/12 15:00,24.1,10534.15239
11/1/12 15:00,25.1,11933.09563
11/2/12 15:00,26.1,12078.00946
11/3/12 15:00,27.1,10350.68719
11/4/12 15:00,21.6,10806.78308
11/5/12 15:00,24.1,12310.29828
11/7/12 15:00,22.1,10311.16026
11/8/12 15:00,24.1,10763.44641
11/9/12 15:00,26.1,11456.33673
11/10/12 15:00,25.1,10584.7716
11/11/12 15:00,27.1,10713.16267
11/12/12 15:00,16.1,9120.570199
11/13/12 15:00,13.1,9006.075814
11/14/12 15:00,13.1,9019.241975
11/15/12 15:00,15.1,9012.313302
11/16/12 15:00,14.1,9011.89834
11/17/12 15:00,15.1,8164.949559
11/18/12 15:00,17.1,8049.315013
11/19/12 15:00,19.1,9287.162312
11/20/12 15:00,19.1,9926.512029
11/21/12 15:00,23.1,10306.33393
11/22/12 15:00,21.1,8973.083244
11/23/12 15:00,23.1,8900.118567
11/24/12 15:00,12.1,7827.586197
11/25/12 15:00,18.1,8154.322862
11/26/12 15:00,19.85,10899.10178
11/27/12 15:00,13.1,9056.195499
11/28/12 15:00,13.1,9049.029447
11/29/12 15:00,17.1,9109.865927
11/30/12 15:00,22.1,9776.443043
12/1/12 15:00,24.1,10195.0546
12/2/12 15:00,24.1,10566.07245
12/4/12 15:00,22.1,10544.49932
12/5/12 15:00,16.35,9240.212799
12/6/12 15:00,17.1,9518.125294
12/7/12 15:00,22.1,10575.95826
12/8/12 15:00,24.1,10511.60953
12/9/12 15:00,23.1,9815.039506
12/10/12 15:00,9.1,9300.716453
12/11/12 15:00,7.1,9540.426231
12/12/12 15:00,9.1,9115.311558
12/13/12 15:00,13.1,9281.513733
12/14/12 15:00,17.1,9309.834296
12/15/12 15:00,25.1,9690.670614
12/16/12 15:00,20.1,8898.505642
12/17/12 15:00,18.1,9566.682395
12/19/12 15:00,24.1,10781.64744
12/20/12 15:00,10.1,9197.246589
12/21/12 15:00,8.1,9011.636602
12/22/12 15:00,14.1,8112.239672
12/23/12 15:00,22.1,8328.83749
12/24/12 15:00,19.1,9328.741925
12/25/12 15:00,23.35,8352.595574
12/26/12 15:00,3.1,9807.247777
12/28/12 15:00,13.1,8931.472448
12/29/12 15:00,6.1,9563.54417
12/30/12 15:00,7.1,8970.924481
12/31/12 15:00,14.1,9042.221261
1/1/13 15:00,12.85,8467.196629
1/2/13 15:00,6.1,11104.03618
1/3/13 15:00,8.1,9882.591066
1/4/13 15:00,8.1,10576.56551
1/5/13 15:00,7.1,10017.20764
1/6/13 15:00,8.1,8377.386465
1/8/13 15:00,14.1,9796.191501
1/9/13 15:00,17.1,9825.379537
1/10/13 15:00,16.1,9330.832917
1/11/13 15:00,17.1,9320.350088
1/12/13 15:00,23.1,9115.817804
1/13/13 15:00,7.1,9221.617004
1/14/13 15:00,6.1,10926.013
1/15/13 15:00,4.1,11758.79375
1/16/13 15:00,6.1,10204.89678
1/17/13 15:00,9.1,9743.855672
1/18/13 15:00,12.1,9378.816084
1/19/13 15:00,13.1,8268.580014
1/20/13 15:00,11.1,8080.808233
1/21/13 15:00,16.1,9209.524179
1/22/13 15:00,15.1,9271.843424
1/23/13 15:00,18.1,9347.531955
1/24/13 15:00,17.1,9871.543207
1/25/13 15:00,17.1,10225.92989
1/26/13 15:00,18.6,9347.086244
1/27/13 15:00,20.1,8751.026768
1/28/13 15:00,23.1,10649.39688
1/29/13 15:00,22.1,10298.49633
1/30/13 15:00,15.1,9016.199806
1/31/13 15:00,13.1,9062.342903
2/1/13 15:00,17.1,9018.605883
2/2/13 15:00,19.1,8337.760697
2/3/13 15:00,18.1,8149.289805
2/4/13 15:00,19.1,9343.868211
2/5/13 15:00,20.6,10362.73538
2/6/13 15:00,18.1,9591.807374
2/7/13 15:00,18.6,9506.296134
2/8/13 15:00,17.1,9466.820326
2/9/13 15:00,16.1,8588.120425
2/10/13 15:00,22.85,8342.433663
2/11/13 15:00,14.1,9501.171125
2/12/13 15:00,16.1,9336.794122
2/13/13 15:00,11.1,9317.649731
2/14/13 15:00,12.1,9209.465224
2/15/13 15:00,16.1,9230.435664
2/16/13 15:00,10.1,8281.957422
2/17/13 15:00,17.1,8198.995333
2/18/13 15:00,21.1,9713.700122
2/19/13 15:00,14.1,9341.830373
2/20/13 15:00,15.1,9360.108958
2/21/13 15:00,22.1,9827.715445
2/22/13 15:00,17.1,9239.843982
2/23/13 15:00,13.1,8196.433899
2/24/13 15:00,17.1,8036.84315
2/25/13 15:00,20.35,9701.530794
2/26/13 15:00,11.1,9360.499198
2/27/13 15:00,19.1,9256.923586
2/28/13 15:00,9.1,9406.731453
3/1/13 15:00,13.1,9028.392902
3/2/13 15:00,9.1,8710.108637
3/3/13 15:00,13.1,8236.943225
3/4/13 15:00,22.1,10058.76122
3/5/13 15:00,17.1,9451.039206
3/6/13 15:00,12.1,9312.041558
3/7/13 15:00,16.1,9396.183417
3/8/13 15:00,18.1,9452.385553
3/9/13 15:00,21.1,9018.342346
3/10/13 15:00,14.1,8321.5425
3/11/13 15:00,13.1,9309.828148
3/12/13 15:00,15.1,9246.05575
3/13/13 15:00,18.1,9273.160402
3/14/13 15:00,19.1,9376.895497
3/15/13 15:00,21.1,9752.712723
3/16/13 15:00,23.1,9513.222652
3/17/13 15:00,24.1,9959.05857
3/18/13 15:00,24.1,12178.71877
3/19/13 15:00,21.1,11074.42854
3/20/13 15:00,16.1,9708.436255
3/21/13 15:00,21.1,9649.109638
3/22/13 15:00,25.1,11405.24463
3/24/13 15:00,13.1,8185.318929
3/25/13 15:00,11.1,9295.718938
3/26/13 15:00,12.1,9164.292294
3/27/13 15:00,17.1,9352.218609
3/28/13 15:00,21.1,9610.973311
3/29/13 15:00,22.1,9335.848912
3/30/13 15:00,21.1,9558.459485
3/31/13 15:00,23.6,10231.8758
4/1/13 15:00,19.1,10872.61904
4/2/13 15:00,22.35,10044.78769
4/3/13 15:00,17.1,9447.480046
4/4/13 15:00,13.1,9253.400719
4/5/13 15:00,15.1,9110.361941
4/6/13 15:00,18.6,8797.400629
4/7/13 15:00,23.1,9799.494144
4/8/13 15:00,24.1,11648.7441
4/9/13 15:00,24.6,12358.3716
4/10/13 15:00,26.1,10683.8275
4/11/13 15:00,9.35,9324.790214
4/12/13 15:00,21.1,10027.77119
4/13/13 15:00,21.1,9336.853954
4/14/13 15:00,21.6,10083.22483
4/15/13 15:00,25.1,12197.1846
4/16/13 15:00,25.35,12692.58573
4/17/13 15:00,24.1,11450.56449
4/18/13 15:00,24.1,9900.98974
4/19/13 15:00,12.1,9446.297908
4/20/13 15:00,17.1,8605.048761
4/21/13 15:00,20.1,8625.516095
4/22/13 15:00,22.1,10762.40728
4/23/13 15:00,24.1,11209.0205
4/24/13 15:00,12.1,9317.687579
4/25/13 15:00,17.1,9698.801286
4/26/13 15:00,23.85,11529.95937
4/27/13 15:00,23.1,10213.52057
4/28/13 15:00,24.1,10548.38916
4/29/13 15:00,25.1,12178.78659
4/30/13 15:00,24.1,12559.34758
5/1/13 15:00,24.1,12715.73467
5/2/13 15:00,24.1,10501.98398
5/3/13 15:00,14.1,9132.262934
5/4/13 15:00,21.1,8716.926669
5/5/13 15:00,17.1,8456.463372
5/6/13 15:00,21.1,10264.75795
5/7/13 15:00,24.1,11773.01181
5/8/13 15:00,25.1,12367.58769
5/9/13 15:00,24.1,11540.76557
5/10/13 15:00,21.35,10827.63697
5/11/13 15:00,25.1,11896.6149
5/12/13 15:00,25.1,10220.14209
5/13/13 15:00,23.1,11919.35149
5/14/13 15:00,25.1,12396.60229
5/15/13 15:00,22.1,11251.82226
5/16/13 15:00,27.1,13187.88108
5/17/13 15:00,27.6,14610.29667
5/18/13 15:00,28.1,14293.70557
5/19/13 15:00,28.1,13903.98088
5/20/13 15:00,28.1,14971.67531
5/21/13 15:00,28.1,14925.9103
5/22/13 15:00,27.1,14517.09316
5/23/13 15:00,29.1,14908.48645
5/24/13 15:00,28.6,15088.96836
5/25/13 15:00,28.1,12562.6326
5/26/13 15:00,29.1,13349.00152
5/27/13 15:00,28.1,14160.13127
5/28/13 15:00,28.1,14877.33115
5/29/13 15:00,28.1,14440.12026
5/30/13 15:00,30.1,15029.89803
5/31/13 15:00,30.1,16240.75104
6/1/13 15:00,31.1,15358.90329
6/2/13 15:00,23.1,11487.63471
6/3/13 15:00,28.1,15157.1716
6/4/13 15:00,29.1,16034.34188
6/5/13 15:00,30.1,16546.02306
6/6/13 15:00,31.1,16998.97381
6/7/13 15:00,27.1,14570.385
6/8/13 15:00,29.1,14164.46983
6/9/13 15:00,32.1,10826.85
6/10/13 15:00,30.1,16206.15848
6/11/13 15:00,32.1,15270.16574
6/12/13 15:00,31.1,16290.06501
6/13/13 15:00,31.1,16959.85336
6/14/13 15:00,31.1,16941.94782
6/15/13 15:00,31.1,15269.98083
6/16/13 15:00,31.1,15461.96861
6/17/13 15:00,31.1,16998.50384
6/18/13 15:00,31.1,16496.51919
6/19/13 15:00,31.1,16512.28025
6/20/13 15:00,32.1,16719.38229
6/21/13 15:00,31.1,16861.48008
6/22/13 15:00,31.1,15948.28138
6/23/13 15:00,31.1,15438.29711
6/24/13 15:00,32.1,17133.36466
6/25/13 15:00,31.6,17291.0509
6/26/13 15:00,33.1,17524.44061
6/27/13 15:00,32.1,17469.16347
6/28/13 15:00,31.1,17223.53566
6/29/13 15:00,33.1,17336.45998
6/30/13 15:00,34.1,15627.492
7/1/13 15:00,31.1,15633.84484
7/2/13 15:00,32.1,15663.48923
7/3/13 15:00,31.1,15838.06888
7/4/13 15:00,31.1,14986.387
7/5/13 15:00,32.1,15921.57139
7/6/13 15:00,31.1,15484.91117
7/7/13 15:00,31.1,14559.31176
7/8/13 15:00,25.6,13571.74787
7/9/13 15:00,32.1,17199.80507
7/10/13 15:00,32.1,17141.15144
7/11/13 15:00,31.1,17340.61501
7/12/13 15:00,31.1,17100.50105
7/13/13 15:00,32.1,16767.88553
7/14/13 15:00,31.1,14160.28088
7/15/13 15:00,27.1,14521.85358
7/16/13 15:00,29.1,14880.87602
7/17/13 15:00,23.1,12294.2391
7/18/13 15:00,31.1,16154.25655
7/19/13 15:00,30.1,14556.80534
7/20/13 15:00,29.1,13419.31278
7/21/13 15:00,26.1,13282.75021
7/22/13 15:00,31.1,16948.05628
7/23/13 15:00,32.1,17033.06328
7/24/13 15:00,31.1,16764.95821
7/25/13 15:00,31.1,17359.54385
7/26/13 15:00,32.1,17010.68102
7/27/13 15:00,29.1,15811.5471
7/28/13 15:00,30.1,15260.09389
7/29/13 15:00,32.1,17416.09576
7/30/13 15:00,31.1,17215.79544
7/31/13 15:00,31.1,17443.40204
8/1/13 15:00,31.1,17676.50597
8/2/13 15:00,31.1,17194.98712
8/3/13 15:00,32.1,16688.72569
8/4/13 15:00,32.1,16127.1915
8/5/13 15:00,32.1,17893.62747
8/6/13 15:00,33.1,17983.1057
8/7/13 15:00,32.1,18025.35433
8/9/13 15:00,31.6,17785.19166
8/10/13 15:00,27.1,14324.28394
8/11/13 15:00,29.1,14562.28665
8/12/13 15:00,31.1,17504.63674
8/13/13 15:00,32.1,18154.9719
8/14/13 15:00,31.1,18040.47405
8/15/13 15:00,26.1,13604.68074
8/16/13 15:00,30.1,17009.87379
8/17/13 15:00,28.1,14866.29694
8/18/13 15:00,29.1,14725.783
8/19/13 15:00,31.1,16386.84773
8/20/13 15:00,29.1,13870.01432
8/21/13 15:00,31.1,16825.0684
8/22/13 15:00,31.1,17017.2861
8/23/13 15:00,31.1,17383.33365
8/24/13 15:00,32.1,16493.85722
8/25/13 15:00,27.1,13248.91563
8/26/13 15:00,25.6,12740.03162
8/27/13 15:00,31.1,15986.61615
8/28/13 15:00,32.1,16595.96932
8/29/13 15:00,31.1,17506.16379
8/30/13 15:00,31.1,17389.83695
8/31/13 15:00,31.1,16210.14913
9/1/13 15:00,31.1,15811.88601
9/2/13 15:00,32.1,16640.26608
9/3/13 15:00,31.1,17887.892
9/4/13 15:00,30.1,17178.26758
9/5/13 15:00,32.1,17103.759
9/6/13 15:00,31.1,16110.26677
9/7/13 15:00,27.1,14147.49061
9/8/13 15:00,26.1,14265.40532
9/9/13 15:00,30.1,15844.19356
9/10/13 15:00,28.1,15374.41881
9/11/13 15:00,30.1,16337.93043
9/12/13 15:00,31.1,16439.78488
9/13/13 15:00,31.1,16731.04709
9/14/13 15:00,30.1,15542.02993
9/15/13 15:00,32.1,14426.85743
9/16/13 15:00,30.1,16250.68052
9/17/13 15:00,31.1,16543.96782
9/18/13 15:00,31.1,16414.83805
9/19/13 15:00,31.1,15391.44743
9/20/13 15:00,26.6,13242.44167
9/21/13 15:00,23.1,10674.82441
9/22/13 15:00,25.1,12188.07465
9/23/13 15:00,26.1,14287.15468
9/24/13 15:00,28.6,16174.85792
9/25/13 15:00,30.1,16033.34615
9/26/13 15:00,29.1,15780.57093
9/27/13 15:00,29.1,14889.98745
9/28/13 15:00,29.6,13309.80871
9/29/13 15:00,27.1,12927.34493
9/30/13 15:00,27.35,14542.34166
10/1/13 15:00,26.1,14485.63162
10/2/13 15:00,29.1,13076.35744
10/3/13 15:00,29.1,14957.89306
10/4/13 15:00,29.1,15613.97447
10/5/13 15:00,29.6,15283.90321
10/6/13 15:00,16.1,9582.328348
10/7/13 15:00,23.1,10918.83588
10/8/13 15:00,23.1,11372.51287
10/9/13 15:00,25.1,12371.45963
10/10/13 15:00,27.1,13669.65953
10/11/13 15:00,28.1,14118.56481
10/12/13 15:00,28.1,13554.27212
10/13/13 15:00,24.1,10392.06507
10/14/13 15:00,27.1,13485.06332
10/15/13 15:00,28.1,14110.56728
10/16/13 15:00,22.1,11096.47609
10/17/13 15:00,20.1,11218.44917
10/18/13 15:00,21.1,10196.46953
10/19/13 15:00,17.6,9199.524645
10/20/13 15:00,18.1,8828.085385
10/21/13 15:00,20.1,10789.37923
10/22/13 15:00,18.1,10566.0942
10/23/13 15:00,21.1,10705.25323
10/24/13 15:00,23.1,11437.61909
10/25/13 15:00,19.1,10646.46293
10/26/13 15:00,22.1,10399.58608
10/27/13 15:00,18.1,9401.130846
10/28/13 15:00,24.1,12761.04852
10/29/13 15:00,27.1,13099.65125
10/30/13 15:00,25.1,12328.28118
10/31/13 15:00,20.1,10591.99936
11/1/13 15:00,22.1,10867.27017
11/2/13 15:00,19.1,9202.657834
11/3/13 15:00,18.1,8822.913188
11/4/13 15:00,22.1,9899.475624
11/5/13 15:00,24.1,11160.51957
11/6/13 15:00,25.1,11738.38566
11/7/13 15:00,13.1,9351.209334
11/8/13 15:00,16.1,9332.215667
11/9/13 15:00,18.1,8684.717936
11/10/13 15:00,17.1,8807.886546
11/11/13 15:00,20.1,10252.87744
11/12/13 15:00,21.1,9754.623138
11/13/13 15:00,8.1,9578.980942
11/14/13 15:00,9.1,9492.884799
11/15/13 15:00,21.1,10066.08696
11/16/13 15:00,22.1,10212.90193
11/17/13 15:00,26.1,11753.42655
11/18/13 15:00,23.1,11156.00647
11/19/13 15:00,17.1,9841.169895
11/20/13 15:00,19.1,9864.32426
11/21/13 15:00,24.1,11493.99983
11/22/13 15:00,15.1,9568.764767
11/23/13 15:00,9.1,9810.416011
11/24/13 15:00,7.1,9441.02046
11/25/13 15:00,4.1,11603.54374
11/26/13 15:00,4.1,12126.53291
11/27/13 15:00,5.1,10306.72804
11/28/13 15:00,9.1,8809.398329
11/29/13 15:00,11.1,8624.402568
11/30/13 15:00,16.1,8386.627435
12/1/13 15:00,16.1,8506.365687
12/2/13 15:00,20.1,10328.01077
12/3/13 15:00,21.1,10839.21373
12/4/13 15:00,21.1,11148.72117
12/5/13 15:00,23.6,9599.426903
12/6/13 15:00,4.1,11928.13667
12/7/13 15:00,3.1,11960.47226
12/8/13 15:00,6.1,9940.239735
12/9/13 15:00,8.1,11276.55502
12/10/13 15:00,4.1,10687.64407
12/11/13 15:00,8.1,10624.7482
12/12/13 15:00,8.1,10116.84012
12/13/13 15:00,11.1,10356.67387
12/14/13 15:00,14.6,9518.260208
12/15/13 15:00,6.1,9169.459472
12/16/13 15:00,10.1,9620.673737
12/17/13 15:00,14.1,9465.122637
12/18/13 15:00,15.1,9464.275915
12/19/13 15:00,19.1,9896.684639
12/20/13 15:00,22.1,10368.95963
12/21/13 15:00,22.1,9274.401619
12/22/13 15:00,17.1,8346.899549
12/23/13 15:00,4.1,9970.565805
12/24/13 15:00,7.1,9224.967319
12/25/13 15:00,10.1,8446.905809
12/26/13 15:00,14.1,9071.750865
12/27/13 15:00,13.1,9481.798336
12/28/13 15:00,11.1,8745.237062
12/29/13 15:00,12.1,8242.782969
12/30/13 15:00,6.1,11141.76922
12/31/13 15:00,7.1,10394.26982
1/1/14 15:00,12.1,8564.845216
1/2/14 15:00,6.1,10335.4915
1/3/14 15:00,6.1,10076.09257
1/4/14 15:00,16.1,8882.975083
1/5/14 15:00,13.1,9426.262349
1/6/14 15:00,-0.9,12879.9823
1/7/14 15:00,2.1,11247.87423
1/8/14 15:00,13.1,10535.50861
1/9/14 15:00,18.1,9701.764402
1/10/14 15:00,18.1,9620.081194
1/11/14 15:00,18.1,8818.449212
1/12/14 15:00,18.1,8440.810941
1/13/14 15:00,20.6,9430.186474
1/14/14 15:00,14.1,9346.649704
1/15/14 15:00,11.1,9574.311878
1/16/14 15:00,15.1,9591.986025
1/17/14 15:00,14.1,9621.939175
1/18/14 15:00,14.1,8831.244992
1/19/14 15:00,15.1,8702.319924
1/20/14 15:00,17.1,9925.465705
1/21/14 15:00,14.1,9816.911175
1/22/14 15:00,13.1,9708.913258
1/24/14 15:00,-1.9,13096.37973
1/25/14 15:00,4.35,9371.454245
1/26/14 15:00,15.1,8712.766823
1/27/14 15:00,16.1,9630.060108
1/28/14 15:00,0.1,13781.88618
1/29/14 15:00,1.1,11388.1982
1/30/14 15:00,9.1,10318.73514
1/31/14 15:00,19.1,9661.439474
2/1/14 15:00,21.1,8956.233642
2/2/14 15:00,16.6,9686.778742
2/3/14 15:00,6.1,11148.63365
2/4/14 15:00,9.1,10998.40206
2/5/14 15:00,6.1,10515.94248
2/6/14 15:00,2.1,12116.35436
2/7/14 15:00,3.1,12278.8099
2/8/14 15:00,8.1,9290.063728
2/9/14 15:00,11.1,8403.881203
2/10/14 15:00,16.1,10091.92942
2/11/14 15:00,3.1,12277.87406
2/12/14 15:00,3.1,10628.55227
2/13/14 15:00,9.1,9874.527776
2/14/14 15:00,17.1,9680.687532
2/15/14 15:00,16.1,8424.552005
2/16/14 15:00,20.1,8543.042286
2/17/14 15:00,21.6,10110.60725
2/18/14 15:00,19.6,10489.7455
2/19/14 15:00,21.1,10520.44562
2/20/14 15:00,22.85,10446.81343
2/21/14 15:00,15.1,9394.434543
2/22/14 15:00,18.1,8524.357299
2/23/14 15:00,19.1,9347.254037
2/24/14 15:00,18.6,9764.308669
2/25/14 15:00,19.1,10698.74171
2/26/14 15:00,9.1,10440.4298
2/27/14 15:00,8.1,9918.425575
2/28/14 15:00,16.1,9923.548138
3/1/14 15:00,21.1,9969.22505
3/2/14 15:00,23.1,9413.502564
3/3/14 15:00,0.1,11354.41022
3/4/14 15:00,2.1,12976.93454
3/5/14 15:00,6.1,10345.01831
3/6/14 15:00,11.1,9923.508273
3/7/14 15:00,15.1,9770.616187
3/8/14 15:00,16.1,8899.903044
3/9/14 15:00,9.1,9521.348057
3/10/14 15:00,16.1,9708.852788
3/11/14 15:00,18.6,9895.440418
3/12/14 15:00,16.1,9449.665431
3/13/14 15:00,15.1,9393.638025
3/14/14 15:00,21.1,9573.174701
3/15/14 15:00,19.1,9055.44935
3/16/14 15:00,17.1,8579.726161
3/17/14 15:00,9.1,9668.617651
3/18/14 15:00,19.1,9797.733265
3/19/14 15:00,19.6,9923.476522
3/20/14 15:00,18.1,10087.71963
3/22/14 15:00,21.35,10371.36505
3/23/14 15:00,17.1,8493.516903
3/24/14 15:00,12.1,9543.51804
3/25/14 15:00,18.1,9437.530912
3/26/14 15:00,17.1,9550.928478
3/27/14 15:00,21.1,9956.908421
3/28/14 15:00,22.85,11453.06497
3/29/14 15:00,15.6,9063.967423
3/30/14 15:00,21.1,8814.126676
3/31/14 15:00,20.85,10349.36194
4/1/14 15:00,22.1,11338.5065
4/2/14 15:00,25.1,11635.89818
4/3/14 15:00,23.1,10735.25456
4/4/14 15:00,19.1,10103.09513
4/5/14 15:00,19.1,8837.357163
4/6/14 15:00,17.1,8553.651857
4/7/14 15:00,14.35,9559.07788
4/8/14 15:00,19.1,9540.309763
4/9/14 15:00,21.1,9926.463642
4/10/14 15:00,24.1,10892.70099
4/11/14 15:00,22.35,11189.57369
4/12/14 15:00,23.6,10813.67479
4/13/14 15:00,24.1,9890.16049
4/14/14 15:00,24.1,9495.679813
4/15/14 15:00,13.1,9278.805908
4/16/14 15:00,16.1,9317.805632
4/18/14 15:00,21.1,9779.893466
4/19/14 15:00,23.1,10053.52997
4/20/14 15:00,22.1,9968.689951
4/21/14 15:00,23.6,10966.59288
4/22/14 15:00,22.6,11663.62906
4/23/14 15:00,21.85,12404.44338
4/24/14 15:00,24.1,12454.40236
4/25/14 15:00,26.1,13441.24164
4/26/14 15:00,24.1,11151.11952
4/27/14 15:00,28.1,12967.28544
4/28/14 15:00,29.1,14517.75533
4/29/14 15:00,26.1,12728.48394
4/30/14 15:00,21.1,10430.54366
5/1/14 15:00,21.1,10069.49533
5/2/14 15:00,23.1,10482.25092
5/3/14 15:00,24.1,10993.95666
5/4/14 15:00,26.1,11766.26605
5/5/14 15:00,25.1,12830.20643
5/6/14 15:00,25.1,13274.30564
5/7/14 15:00,27.1,13083.09527
5/8/14 15:00,24.1,12087.15044
5/9/14 15:00,27.35,13267.52022
5/10/14 15:00,27.1,13028.6071
5/11/14 15:00,29.1,13202.63068
5/12/14 15:00,26.1,13824.26655
5/13/14 15:00,23.1,11336.01016
5/14/14 15:00,18.1,10126.00489
5/15/14 15:00,21.1,10723.00468
5/16/14 15:00,24.1,12014.38977
5/17/14 15:00,26.1,12089.41717
5/18/14 15:00,26.1,12160.0949
5/19/14 15:00,25.1,13408.15907
5/20/14 15:00,27.1,13992.16688
5/21/14 15:00,27.1,14329.85729
5/22/14 15:00,28.1,14493.74922
5/23/14 15:00,27.1,13786.06494
5/24/14 15:00,28.1,13681.67744
5/25/14 15:00,28.1,13382.3002
5/26/14 15:00,26.1,11202.14463
5/27/14 15:00,19.1,11457.18991
5/28/14 15:00,23.85,12899.81169
5/29/14 15:00,27.1,14403.52045
5/30/14 15:00,29.1,14826.34985
5/31/14 15:00,28.1,12896.96724
6/1/14 15:00,28.1,13999.34622
6/2/14 15:00,28.1,15642.57942
6/3/14 15:00,28.1,15389.31481
6/4/14 15:00,28.1,15955.88882
6/5/14 15:00,29.6,16359.2691
6/6/14 15:00,30.1,16647.38335
6/7/14 15:00,31.1,15900.63374
6/8/14 15:00,30.1,15316.66234
6/9/14 15:00,29.1,14320.12123
6/10/14 15:00,29.1,15451.90048
6/11/14 15:00,29.1,16569.00623
6/12/14 15:00,31.1,17525.49218
6/13/14 15:00,30.1,16189.11289
6/14/14 15:00,29.1,15800.8612
6/15/14 15:00,31.1,15713.1978
6/16/14 15:00,29.1,16954.0822
6/17/14 15:00,31.1,17024.18769
6/18/14 15:00,31.1,15381.01916
6/19/14 15:00,30.1,16595.41216
6/20/14 15:00,31.1,15823.86401
6/21/14 15:00,30.1,15349.19666
6/22/14 15:00,29.1,15098.79142
6/23/14 15:00,31.1,13784.51755
6/24/14 15:00,30.1,14467.31854
6/25/14 15:00,26.1,12716.88067
6/26/14 15:00,28.1,12955.72736
6/27/14 15:00,29.1,15784.31862
6/28/14 15:00,30.1,14153.92806
6/29/14 15:00,31.1,15618.6488
6/30/14 15:00,31.1,17042.8954
7/1/14 15:00,31.1,17121.74789
7/2/14 15:00,29.1,17024.20752
7/3/14 15:00,31.1,17127.98686
7/4/14 15:00,29.1,15174.88112
7/5/14 15:00,29.1,13660.25612
7/6/14 15:00,30.1,14425.43276
7/7/14 15:00,29.1,16757.30096
7/8/14 15:00,31.1,16726.89073
7/9/14 15:00,31.1,17269.15727
7/10/14 15:00,30.1,16804.49194
7/11/14 15:00,32.1,17435.43247
7/12/14 15:00,31.1,16279.77662
7/13/14 15:00,31.1,16841.81018
7/14/14 15:00,31.1,17401.4673
7/15/14 15:00,30.1,14166.06187
7/16/14 15:00,29.1,15922.22078
7/17/14 15:00,31.1,13963.43446
7/18/14 15:00,29.1,14713.66347
7/19/14 15:00,26.6,14261.99157
7/20/14 15:00,30.1,15714.76236
7/21/14 15:00,31.1,17801.09484
7/22/14 15:00,31.1,17456.73254
7/23/14 15:00,29.1,16788.59275
7/24/14 15:00,30.1,16829.28475
7/25/14 15:00,29.1,17293.39767
7/26/14 15:00,32.1,16867.64569
7/27/14 15:00,31.1,16936.80772
7/28/14 15:00,31.1,18024.12631
7/29/14 15:00,32.1,16650.82988
7/30/14 15:00,31.1,17103.67614
7/31/14 15:00,30.1,17038.88758
8/1/14 15:00,27.6,15653.66371
8/2/14 15:00,26.1,12259.72104
8/3/14 15:00,26.6,14220.86009
8/4/14 15:00,30.1,16619.942
8/5/14 15:00,31.1,16603.50773
8/6/14 15:00,31.1,17390.67925
8/7/14 15:00,31.1,17658.72954
8/8/14 15:00,32.1,17968.10766
8/9/14 15:00,31.1,15953.79082
8/10/14 15:00,32.1,16244.94773
8/11/14 15:00,31.1,18149.21619
8/12/14 15:00,32.1,17931.67245
8/13/14 15:00,31.1,17423.07334
8/14/14 15:00,31.1,17286.94302
8/15/14 15:00,31.1,17896.29054
8/16/14 15:00,32.1,17429.73095
8/17/14 15:00,33.1,17187.4813
8/18/14 15:00,32.1,16644.12832
8/19/14 15:00,32.1,16856.07273
8/20/14 15:00,27.6,16461.70212
8/21/14 15:00,32.1,18262.48544
8/22/14 15:00,32.1,18342.78776
8/23/14 15:00,31.6,17370.44249
8/24/14 15:00,31.1,17227.43668
8/25/14 15:00,31.1,18005.45767
8/26/14 15:00,31.1,17361.21784
8/27/14 15:00,30.1,16834.09908
8/28/14 15:00,26.1,15819.58133
8/29/14 15:00,31.1,14828.88586
8/30/14 15:00,29.1,14641.70223
8/31/14 15:00,24.1,11935.71881
9/1/14 15:00,31.6,15910.00417
9/2/14 15:00,32.1,17184.71191
9/3/14 15:00,31.1,16900.63202
9/4/14 15:00,29.1,16162.95014
9/5/14 15:00,30.1,16686.85454
9/6/14 15:00,31.1,16299.37777
9/7/14 15:00,31.1,14641.33003
9/8/14 15:00,29.1,16521.34445
9/9/14 15:00,30.1,17137.39803
9/10/14 15:00,31.1,17546.88176
9/11/14 15:00,32.1,17751.88074
9/12/14 15:00,27.85,14648.99001
9/13/14 15:00,22.1,11641.19787
9/14/14 15:00,22.1,11102.70419
9/15/14 15:00,28.1,16081.28695
9/16/14 15:00,28.1,15489.08674
9/17/14 15:00,29.1,14016.36675
9/18/14 15:00,24.1,12793.54603
9/19/14 15:00,23.6,13526.7197
9/20/14 15:00,29.1,14820.39873
9/21/14 15:00,29.1,15263.50547
9/22/14 15:00,31.1,16629.54906
9/23/14 15:00,25.1,13498.87734
9/24/14 15:00,26.1,13384.26441
9/25/14 15:00,23.1,11844.66444
9/26/14 15:00,28.1,13920.33707
9/27/14 15:00,26.1,12238.08512
9/28/14 15:00,28.1,14032.19624
9/29/14 15:00,28.1,15385.55955
9/30/14 15:00,28.1,15778.09399
10/1/14 15:00,29.1,16517.67496
10/2/14 15:00,31.1,17169.14032
10/3/14 15:00,24.1,13681.29594
10/4/14 15:00,21.1,10677.62566
10/6/14 15:00,24.1,11657.22138
10/7/14 15:00,28.1,15332.41048
10/8/14 15:00,29.1,15387.14357
10/9/14 15:00,28.1,15478.5385
10/10/14 15:00,29.1,15360.8731
10/11/14 15:00,29.1,11815.51417
10/12/14 15:00,24.1,12615.19379
10/13/14 15:00,29.1,11051.85995
10/14/14 15:00,22.1,10618.96455
10/15/14 15:00,24.1,11232.06343
10/16/14 15:00,24.1,12531.56486
10/17/14 15:00,27.1,13187.98929
10/18/14 15:00,27.1,12750.52387
10/19/14 15:00,22.1,11713.10894
10/20/14 15:00,24.1,12739.73471
10/21/14 15:00,23.1,12087.11099
10/22/14 15:00,26.1,12555.25113
10/23/14 15:00,21.1,11370.72523
10/24/14 15:00,21.1,11342.07643
10/25/14 15:00,24.1,11415.14129
10/26/14 15:00,24.1,11704.31671
10/27/14 15:00,27.1,12838.40551
10/28/14 15:00,27.1,13244.53288
10/29/14 15:00,27.1,13290.20383
10/30/14 15:00,22.1,11718.37434
10/31/14 15:00,23.1,10768.15785
11/1/14 15:00,13.1,8786.792691
11/2/14 15:00,17.1,9049.713479
11/3/14 15:00,24.1,11256.23877
11/4/14 15:00,26.1,11774.21346
11/5/14 15:00,25.1,10968.1237
11/6/14 15:00,18.1,10294.29754
11/7/14 15:00,16.1,9785.453904
11/8/14 15:00,19.1,9293.644066
11/9/14 15:00,17.1,9191.347198
11/10/14 15:00,23.1,10967.70103
11/11/14 15:00,22.1,9870.10692
11/12/14 15:00,8.1,10209.5852
11/13/14 15:00,4.1,11371.89212
11/14/14 15:00,4.1,10909.79921
11/15/14 15:00,9.1,10099.11433
11/16/14 15:00,15.1,9540.806918
11/17/14 15:00,4.1,11134.05302
11/18/14 15:00,6.1,10535.92509
11/19/14 15:00,17.1,10205.00226
11/20/14 15:00,21.1,10046.10384
11/21/14 15:00,18.1,10301.4434
11/22/14 15:00,17.1,9584.965223
11/23/14 15:00,19.1,10014.16905
11/24/14 15:00,14.1,10099.31789
11/25/14 15:00,13.1,10056.93277
11/26/14 15:00,17.1,9925.227492
11/27/14 15:00,13.1,8799.36219
11/28/14 15:00,17.1,9080.639002
11/29/14 15:00,22.1,9658.181678
11/30/14 15:00,23.1,9950.210264
12/1/14 15:00,19.1,10187.99847
12/2/14 15:00,9.1,10518.71877
12/3/14 15:00,15.1,10050.70599
12/4/14 15:00,17.1,10376.90359
12/5/14 15:00,22.1,11423.35204
12/6/14 15:00,21.6,9706.460879
12/7/14 15:00,14.1,9154.400553
12/8/14 15:00,13.1,10021.44303
12/9/14 15:00,15.6,9959.872595
12/10/14 15:00,15.6,9740.984768
12/11/14 15:00,17.85,10014.78227
12/12/14 15:00,21.1,10282.45091
12/13/14 15:00,19.35,9483.561219
12/14/14 15:00,21.1,9606.027489
12/15/14 15:00,22.1,11161.86884
12/16/14 15:00,15.1,9755.905733
12/17/14 15:00,12.1,9742.557392
12/18/14 15:00,18.35,9932.829974
12/19/14 15:00,15.85,10121.77146
12/20/14 15:00,11.6,9319.478361
12/21/14 15:00,11.1,8687.091527
12/22/14 15:00,18.1,9985.45842
12/23/14 15:00,13.85,9784.203507
12/24/14 15:00,9.35,9594.972615
12/25/14 15:00,13.35,8539.263497
12/26/14 15:00,20.6,9344.617262
12/27/14 15:00,22.85,9040.379111
12/28/14 15:00,6.1,10673.1513
12/29/14 15:00,6.1,10709.34115
12/30/14 15:00,10.6,10248.60555
12/31/14 15:00,5.85,11340.35544
1/1/15 15:00,6.6,10731.54995
1/2/15 15:00,10.6,10456.46106
1/3/15 15:00,10.1,9711.15969
1/4/15 15:00,8.85,9297.685981
1/5/15 15:00,2.85,10889.88406
1/6/15 15:00,11.1,9802.177837
1/7/15 15:00,12.1,10346.84355
1/8/15 15:00,1.1,11557.94116
1/9/15 15:00,3.85,12857.32897
1/10/15 15:00,4.35,12177.59351
1/11/15 15:00,8.85,10848.67559
1/12/15 15:00,7.85,11521.91198
1/13/15 15:00,7.1,12018.75705
1/14/15 15:00,5.6,11961.5207
1/15/15 15:00,6.1,10583.91642
1/16/15 15:00,9.35,9902.289991
1/17/15 15:00,13.85,8713.995999
1/18/15 15:00,15.1,8436.126099
1/19/15 15:00,16.1,9604.30364
1/20/15 15:00,14.1,9815.417934
1/21/15 15:00,15.1,9734.87285
1/22/15 15:00,15.1,10963.47656
1/23/15 15:00,6.35,11986.57109
1/24/15 15:00,7.85,9070.792688
1/25/15 15:00,12.85,8543.747549
1/26/15 15:00,12.85,9677.775999
1/27/15 15:00,17.1,9925.819151
1/28/15 15:00,19.35,10101.62621
1/29/15 15:00,14.85,10308.25662
1/30/15 15:00,11.6,9665.395176
1/31/15 15:00,12.1,9122.899896
2/1/15 15:00,21.1,9440.784404
2/2/15 15:00,5.1,10580.11026
2/3/15 15:00,7.85,11443.50412
2/4/15 15:00,9.1,10114.12751
2/5/15 15:00,11.1,11266.56784
2/6/15 15:00,8.35,10243.8593
2/7/15 15:00,16.1,8880.984149
2/8/15 15:00,19.35,8804.989614
2/9/15 15:00,21.1,10617.00742
2/10/15 15:00,17.1,10002.87868
2/11/15 15:00,19.35,10140.05973
2/12/15 15:00,13.85,9673.365133
2/13/15 15:00,11.6,9650.143302
2/14/15 15:00,17.85,9036.031649
2/15/15 15:00,18.35,8875.077993
2/16/15 15:00,20.1,10682.6502
2/17/15 15:00,3.35,10832.75977
2/18/15 15:00,9.35,9966.867621
2/19/15 15:00,11.6,9750.1713
2/20/15 15:00,19.35,9871.470166
2/21/15 15:00,21.1,9329.534182
2/22/15 15:00,21.35,9780.08195
2/23/15 15:00,5.6,12194.72401
2/24/15 15:00,2.6,12036.94166
2/25/15 15:00,5.1,11139.76939
2/26/15 15:00,3.35,10455.5996
2/27/15 15:00,5.1,11937.40254
2/28/15 15:00,7.1,10053.32724
3/1/15 15:00,16.1,9269.475967
3/2/15 15:00,10.6,10089.63074
3/3/15 15:00,18.35,10279.39868
3/4/15 15:00,23.35,11260.11097
3/5/15 15:00,3.85,11405.07202
3/6/15 15:00,5.1,10426.41215
3/7/15 15:00,10.1,9053.084521
3/8/15 15:00,9.35,9990.520233
3/9/15 15:00,15.1,10219.89493
3/10/15 15:00,13.35,9893.055908
3/11/15 15:00,12.85,9933.080671
3/12/15 15:00,14.85,9857.022523
3/13/15 15:00,15.1,9614.446426
3/14/15 15:00,19.35,9286.752995
3/15/15 15:00,17.1,8609.343227
3/16/15 15:00,18.35,9831.247838
3/17/15 15:00,20.1,10873.906
3/18/15 15:00,17.85,10891.77766
3/19/15 15:00,21.6,10598.11074
3/20/15 15:00,23.35,11392.55652
3/21/15 15:00,18.85,8998.35538
3/22/15 15:00,20.1,9183.799483
3/23/15 15:00,18.85,10520.60852
3/24/15 15:00,20.1,10659.88112
3/25/15 15:00,21.35,11256.22331
3/26/15 15:00,17.1,9853.691393
3/27/15 15:00,17.1,9856.207086
3/28/15 15:00,21.6,9607.474473
3/29/15 15:00,22.1,10155.79053
3/30/15 15:00,23.35,11829.26906
3/31/15 15:00,24.35,11821.34454
4/1/15 15:00,23.85,11429.92743
4/2/15 15:00,23.85,12391.39479
4/3/15 15:00,25.1,11644.64466
4/4/15 15:00,20.6,9438.897052
4/5/15 15:00,17.35,9093.354574
4/6/15 15:00,23.85,11993.33075
4/7/15 15:00,26.1,13381.27314
4/8/15 15:00,25.6,13410.13054
4/9/15 15:00,25.6,13246.2112
4/10/15 15:00,23.1,10388.79718
4/11/15 15:00,20.6,10066.48059
4/12/15 15:00,22.35,10889.41033
4/13/15 15:00,24.35,13584.77809
4/14/15 15:00,22.35,10709.53705
4/15/15 15:00,22.1,12045.3008
4/16/15 15:00,25.6,12647.62172
4/17/15 15:00,26.6,12831.79646
4/18/15 15:00,22.35,10528.89529
4/19/15 15:00,24.35,12065.60593
4/20/15 15:00,18.85,10603.77621
4/21/15 15:00,22.1,11422.47137
4/22/15 15:00,26.1,12989.38518
4/23/15 15:00,26.1,14179.64864
4/24/15 15:00,26.85,13923.22808
4/25/15 15:00,21.35,12634.8196
4/26/15 15:00,24.35,12338.37337
4/27/15 15:00,23.35,12065.02387
4/28/15 15:00,21.6,10802.19223
4/29/15 15:00,19.35,10320.64574
4/30/15 15:00,24.35,11680.90398
5/1/15 15:00,23.85,11911.85962
5/2/15 15:00,24.35,11767.8818
5/3/15 15:00,25.1,11713.26411
5/4/15 15:00,26.1,13289.9329
5/5/15 15:00,26.35,13081.79268
5/6/15 15:00,27.1,13558.73892
5/7/15 15:00,28.35,14093.32687
5/8/15 15:00,27.85,14351.89635
5/9/15 15:00,27.6,13942.35113
5/10/15 15:00,28.35,13322.0347
5/11/15 15:00,28.35,12230.22032
5/12/15 15:00,23.35,11660.03396
5/13/15 15:00,25.85,12344.67713
5/14/15 15:00,28.85,13809.75944
5/15/15 15:00,26.6,13135.27566
5/16/15 15:00,28.35,14364.09805
5/17/15 15:00,28.85,11859.0515
5/18/15 15:00,26.1,14503.20549
5/19/15 15:00,28.85,14747.82889
5/20/15 15:00,28.85,15197.69417
5/21/15 15:00,28.35,13121.37808
5/22/15 15:00,21.1,12583.23347
5/23/15 15:00,30.1,13562.262
5/24/15 15:00,22.85,11501.39678
5/25/15 15:00,29.35,14442.1879
5/26/15 15:00,27.1,14135.86047
5/27/15 15:00,20.6,14197.57676
5/28/15 15:00,28.85,15991.49719
5/29/15 15:00,24.35,14292.22789
5/30/15 15:00,28.85,15256.31202
5/31/15 15:00,24.6,13343.65021
6/1/15 15:00,27.85,15330.62653
6/2/15 15:00,28.85,15829.47858
6/3/15 15:00,28.85,15972.30018
6/4/15 15:00,29.35,16364.77427
6/5/15 15:00,29.35,16571.43561
6/6/15 15:00,30.1,15787.51308
6/7/15 15:00,30.1,15904.6807
6/8/15 15:00,28.85,16889.94558
6/9/15 15:00,29.35,16900.33841
6/10/15 15:00,29.35,17464.83534
6/11/15 15:00,30.1,17549.26301
6/12/15 15:00,31.6,17016.13176
6/13/15 15:00,22.85,13692.10623
6/14/15 15:00,28.85,14617.03336
6/15/15 15:00,28.85,15575.72678
6/16/15 15:00,26.6,13020.63115
6/17/15 15:00,24.35,13189.56246
6/18/15 15:00,27.85,14491.55094
6/19/15 15:00,28.85,15941.158
6/20/15 15:00,30.6,15477.39571
6/21/15 15:00,30.6,15569.07193
6/22/15 15:00,29.35,16542.4066
6/23/15 15:00,30.6,17198.12992
6/24/15 15:00,30.6,17584.76018
6/25/15 15:00,31.1,17405.71014
6/26/15 15:00,31.6,17098.99751
6/27/15 15:00,31.1,15722.25548
6/28/15 15:00,26.1,14407.60951
6/29/15 15:00,29.6,15948.89298
6/30/15 15:00,30.6,15758.99654
7/1/15 15:00,28.35,13683.53138
7/2/15 15:00,30.1,16437.22631
7/3/15 15:00,30.6,16124.82939
7/4/15 15:00,31.1,15575.0336
7/5/15 15:00,30.6,16000.50236
7/6/15 15:00,31.6,17578.0263
7/7/15 15:00,31.1,17327.33489
7/8/15 15:00,31.6,17495.88736
7/9/15 15:00,31.6,18086.42934
7/10/15 15:00,31.1,17778.05055
7/11/15 15:00,32.1,16874.45256
7/12/15 15:00,30.6,16675.93408
7/13/15 15:00,30.6,17894.2362
7/14/15 15:00,31.1,17987.90304
7/15/15 15:00,31.1,18125.57177
7/16/15 15:00,31.6,18071.47458
7/17/15 15:00,32.1,17713.30934
7/18/15 15:00,32.1,17569.48
7/19/15 15:00,31.6,17162.37475
7/20/15 15:00,30.6,18285.92402
7/21/15 15:00,31.1,18127.71459
7/22/15 15:00,32.1,18531.67548
7/23/15 15:00,31.6,18801.83362
7/24/15 15:00,31.6,18472.06564
7/25/15 15:00,31.6,17653.61445
7/26/15 15:00,31.6,17614.89827
7/27/15 15:00,31.6,18681.12408
7/28/15 15:00,32.85,18902.32726
7/29/15 15:00,31.1,18800.98889
7/30/15 15:00,32.85,18623.56739
7/31/15 15:00,32.85,18693.59699
8/1/15 15:00,32.1,16676.92516
8/2/15 15:00,33.35,16840.56638
8/3/15 15:00,32.1,18360.45609
8/4/15 15:00,31.6,17610.23396
8/5/15 15:00,32.85,18711.40949
8/6/15 15:00,32.1,18923.94434
8/7/15 15:00,32.1,18788.00127
8/8/15 15:00,32.85,18187.51486
8/9/15 15:00,30.6,17837.94705
8/10/15 15:00,31.1,19016.70858
8/11/15 15:00,33.35,19693.89684
8/12/15 15:00,31.6,18946.88545
8/13/15 15:00,30.1,18888.10095
8/14/15 15:00,31.6,18607.32963
8/15/15 15:00,32.1,17061.94379
8/16/15 15:00,31.1,16228.57141
8/17/15 15:00,29.35,17289.39212
8/18/15 15:00,31.6,17691.75351
8/19/15 15:00,30.1,14953.82766
8/20/15 15:00,23.35,11421.31591
8/21/15 15:00,24.35,14574.01082
8/22/15 15:00,29.35,15340.91147
8/23/15 15:00,31.6,16987.52137
8/24/15 15:00,31.6,18301.82182
8/25/15 15:00,32.1,15068.9987
8/26/15 15:00,28.35,15793.31076
8/27/15 15:00,29.35,16425.32029
8/28/15 15:00,29.35,16251.96556
8/29/15 15:00,28.85,15639.02936
8/30/15 15:00,28.35,14984.70586
8/31/15 15:00,29.35,14433.49907
9/1/15 15:00,22.85,12826.20583
9/2/15 15:00,26.6,15564.49123
9/3/15 15:00,28.85,16108.54936
9/4/15 15:00,30.1,16198.46357
9/5/15 15:00,27.1,13944.1614
9/6/15 15:00,30.6,16508.16205
9/7/15 15:00,31.1,16471.64743
9/8/15 15:00,30.6,17138.00875
9/9/15 15:00,30.1,15199.79346
9/10/15 15:00,28.35,14214.70024
9/11/15 15:00,24.35,12119.91236
9/12/15 15:00,26.6,13822.1128
9/13/15 15:00,26.1,12626.58173
9/14/15 15:00,27.1,14207.52762
9/15/15 15:00,30.6,16398.54067
9/16/15 15:00,29.35,16250.65328
9/17/15 15:00,30.1,16574.22416
9/18/15 15:00,29.35,16286.88487
9/19/15 15:00,29.35,15223.27384
9/20/15 15:00,28.85,15569.68952
9/21/15 15:00,28.85,16542.58936
9/22/15 15:00,29.35,16571.54953
9/23/15 15:00,28.85,15776.67549
9/24/15 15:00,28.85,15332.26016
9/25/15 15:00,30.1,15852.33527
9/26/15 15:00,28.85,15010.28202
9/27/15 15:00,23.35,11118.21094
9/28/15 15:00,23.35,12303.18573
9/29/15 15:00,26.35,14998.86717
9/30/15 15:00,29.35,15783.50465
10/1/15 15:00,26.1,15213.35062
10/2/15 15:00,22.85,12752.2087
10/3/15 15:00,22.85,11374.01388
10/4/15 15:00,21.1,11416.2905
10/5/15 15:00,22.85,12800.66721
10/6/15 15:00,27.1,14505.61893
10/7/15 15:00,27.85,14904.12578
10/8/15 15:00,27.85,14093.45127
10/9/15 15:00,27.1,14693.07335
10/10/15 15:00,26.1,14001.41218
10/11/15 15:00,26.6,14178.91412
10/12/15 15:00,28.35,16243.41204
10/13/15 15:00,29.35,16297.7942
10/14/15 15:00,28.85,14267.3563
10/15/15 15:00,28.35,14643.66972
10/16/15 15:00,27.1,14143.8316
10/17/15 15:00,23.35,11265.93541
10/19/15 15:00,23.35,11621.29613
10/20/15 15:00,23.35,11803.19215
10/21/15 15:00,24.85,13419.15005
10/22/15 15:00,26.6,13588.07502
10/23/15 15:00,27.85,13336.1623
10/24/15 15:00,25.6,10926.81255
10/25/15 15:00,20.1,9443.562401
10/26/15 15:00,19.35,10595.04596
10/27/15 15:00,21.1,11721.70752
10/28/15 15:00,25.6,12939.2615
10/29/15 15:00,23.35,11878.3146
10/30/15 15:00,25.1,11929.0692
10/31/15 15:00,22.1,10823.70383
11/1/15 15:00,20.1,9766.617651
11/2/15 15:00,18.35,11370.23116
11/3/15 15:00,22.1,12077.67339
11/4/15 15:00,23.35,12355.41929
11/5/15 15:00,26.6,13814.68065
11/6/15 15:00,24.85,13387.26417
11/7/15 15:00,20.6,9733.819009
11/8/15 15:00,16.6,9604.230578
11/9/15 15:00,17.1,10888.19883
11/10/15 15:00,23.35,11276.2669
11/11/15 15:00,26.1,13467.30178
11/12/15 15:00,19.35,10823.38946
11/13/15 15:00,19.35,10180.40915
11/14/15 15:00,17.85,9469.832369
11/15/15 15:00,20.1,9711.719789
11/16/15 15:00,22.85,11959.80299
11/17/15 15:00,25.6,10077.81285
11/18/15 15:00,17.85,10557.00738
11/19/15 15:00,22.1,10744.67212
11/20/15 15:00,20.1,10380.30011
11/21/15 15:00,20.1,9328.89662
11/22/15 15:00,8.35,8896.971342
11/23/15 15:00,12.1,9964.509075
11/24/15 15:00,16.6,10045.1867
11/25/15 15:00,20.6,10936.03651
11/26/15 15:00,23.85,10815.06786
11/27/15 15:00,23.35,10967.3544
11/28/15 15:00,11.6,9344.234355
11/29/15 15:00,11.1,9457.885668
11/30/15 15:00,13.1,10062.82601
12/1/15 15:00,13.35,9878.401963
12/2/15 15:00,12.85,9798.43101
12/3/15 15:00,11.1,9687.102062
12/4/15 15:00,11.6,9854.0897
12/5/15 15:00,12.85,8882.72082
12/6/15 15:00,16.6,8743.528263
12/7/15 15:00,17.1,10083.76073
12/8/15 15:00,17.85,10117.77896
12/9/15 15:00,14.6,10551.88771
12/10/15 15:00,22.85,10971.70855
12/11/15 15:00,24.35,11993.20338
12/12/15 15:00,24.35,10827.70412
12/13/15 15:00,12.85,9215.645914
12/14/15 15:00,16.1,10198.75582
12/15/15 15:00,22.1,10315.89721
12/16/15 15:00,17.1,9888.32431
12/17/15 15:00,12.1,9925.664841
12/18/15 15:00,10.6,9855.506057
12/19/15 15:00,14.35,9110.968515
12/20/15 15:00,18.35,8930.592481
12/21/15 15:00,22.1,10605.40318
12/22/15 15:00,18.85,10445.15192
12/23/15 15:00,24.35,12022.85934
12/24/15 15:00,23.35,11051.04999
12/25/15 15:00,25.1,11693.31786
12/26/15 15:00,24.35,11219.57909
12/27/15 15:00,25.1,10453.93627
12/28/15 15:00,6.1,10255.78629
12/29/15 15:00,8.35,10148.06756
12/30/15 15:00,11.1,10243.20929
12/31/15 15:00,10.6,10001.68304
1/1/16 15:00,8.35,9978.951757
1/2/16 15:00,8.35,10071.92427
1/3/16 15:00,9.35,8946.621879
1/4/16 15:00,10.1,10057.40067
1/5/16 15:00,6.6,10239.50633
1/6/16 15:00,11.6,10628.19308
1/7/16 15:00,15.6,10135.90776
1/8/16 15:00,16.35,10195.01948
1/9/16 15:00,12.85,9953.581653
1/10/16 15:00,6.1,10075.54862
1/11/16 15:00,9.35,11052.45177
1/12/16 15:00,10.6,10220.90841
1/13/16 15:00,13.85,10101.75878
1/14/16 15:00,15.1,10323.69415
1/15/16 15:00,16.1,10178.9351
1/16/16 15:00,13.35,10463.89461
1/17/16 15:00,8.35,9529.978968
1/18/16 15:00,11.6,10318.4166
1/19/16 15:00,17.1,10116.74924
1/20/16 15:00,15.6,10310.47735
1/21/16 15:00,18.35,10715.64223
1/22/16 15:00,7.1,11205.62069
1/23/16 15:00,6.6,9950.749095
1/24/16 15:00,14.35,9573.483576
1/25/16 15:00,18.85,10382.32861
1/26/16 15:00,11.6,10617.08187
1/27/16 15:00,8.85,10663.51534
1/28/16 15:00,10.1,10341.22475
1/29/16 15:00,15.6,10436.70348
1/30/16 15:00,17.85,9747.224406
1/31/16 15:00,21.1,9824.373355
2/1/16 15:00,20.6,11243.8713
2/3/16 15:00,11.1,9871.564718
2/4/16 15:00,9.35,10073.04496
2/5/16 15:00,11.6,10176.91384
2/6/16 15:00,11.6,9363.074035
2/7/16 15:00,11.6,9230.836136
2/8/16 15:00,13.35,10347.44947
2/9/16 15:00,11.1,10154.16691
2/10/16 15:00,13.85,10044.4477
2/11/16 15:00,19.35,10431.85895
2/12/16 15:00,19.35,10894.9495
2/13/16 15:00,17.1,9527.88615
2/14/16 15:00,21.1,9476.035227
2/15/16 15:00,20.85,11107.65616
2/16/16 15:00,20.1,10694.19588
2/17/16 15:00,17.1,10419.06346
2/18/16 15:00,20.6,10839.15778
2/19/16 15:00,22.85,11720.29615
2/20/16 15:00,21.85,10526.9472
2/21/16 15:00,21.6,9902.603777
2/22/16 15:00,19.1,10195.45202
2/23/16 15:00,17.85,10271.78467
2/24/16 15:00,12.1,9927.403234
2/25/16 15:00,16.1,9982.170213
2/26/16 15:00,12.85,9803.598713
2/27/16 15:00,17.1,9192.125224
2/28/16 15:00,19.35,9216.194335
2/29/16 15:00,21.1,11058.55075
3/1/16 15:00,21.1,10886.46832
3/2/16 15:00,17.1,10193.29998
3/3/16 15:00,22.85,11577.87793
3/4/16 15:00,19.35,10574.4642
3/5/16 15:00,20.1,9974.581351
3/6/16 15:00,20.6,9738.653658
3/7/16 15:00,22.1,11004.04893
3/8/16 15:00,22.85,10762.73139
3/9/16 15:00,22.1,10569.56865
3/10/16 15:00,19.1,10815.44814
3/11/16 15:00,19.35,11215.07472
3/12/16 15:00,20.1,10277.38406
3/13/16 15:00,22.85,10634.04086
3/14/16 15:00,21.6,12590.80398
3/15/16 15:00,23.85,13010.34977
3/16/16 15:00,22.85,11980.94913
3/17/16 15:00,24.1,12209.20455
3/18/16 15:00,23.35,13049.84115
3/19/16 15:00,15.1,9154.105191
3/20/16 15:00,14.35,8851.351492
3/21/16 15:00,13.35,10017.11486
3/22/16 15:00,20.6,10154.23485
3/23/16 15:00,23.35,10656.2449
3/24/16 15:00,15.1,10028.01996
3/25/16 15:00,17.1,9667.116877
3/26/16 15:00,20.6,9410.11413
3/27/16 15:00,21.6,10013.42189
3/28/16 15:00,18.35,10885.40064
3/29/16 15:00,21.1,10895.68878
3/30/16 15:00,23.35,11241.10865
3/31/16 15:00,23.85,13018.15062
4/1/16 15:00,18.85,9958.342111
4/2/16 15:00,18.85,9054.369542
4/3/16 15:00,20.1,9483.687028
4/4/16 15:00,22.1,11005.65475
4/5/16 15:00,22.1,11561.86867
4/6/16 15:00,22.1,11171.746
4/7/16 15:00,24.35,11838.02489
4/8/16 15:00,23.35,11415.39679
4/9/16 15:00,20.6,10466.64968
4/10/16 15:00,23.85,11394.16149
4/11/16 15:00,25.1,12257.38201
4/12/16 15:00,24.35,12344.14557
4/13/16 15:00,20.1,11029.3841
4/14/16 15:00,21.6,11835.80616
4/15/16 15:00,20.6,12384.18442
4/16/16 15:00,23.85,11591.46766
4/17/16 15:00,24.35,11270.43591
4/18/16 15:00,19.1,10153.58291
4/19/16 15:00,24.6,12529.69872
4/20/16 15:00,24.1,11398.39203
4/21/16 15:00,22.85,10851.22831
4/22/16 15:00,25.6,12717.17583
4/23/16 15:00,26.1,12180.76971
4/24/16 15:00,23.85,10524.65165
4/25/16 15:00,26.6,14223.72447
4/26/16 15:00,26.1,14212.28329
4/27/16 15:00,23.85,14170.4671
4/28/16 15:00,27.1,14923.22893
4/29/16 15:00,27.85,15381.32958
4/30/16 15:00,23.35,14343.44734
5/1/16 15:00,25.6,13635.95474
5/2/16 15:00,17.85,11072.59788
5/3/16 15:00,20.6,11782.47839
5/4/16 15:00,23.35,12489.93414
5/5/16 15:00,26.6,13486.07601
5/6/16 15:00,26.1,13462.51176
5/7/16 15:00,26.1,12906.36043
5/8/16 15:00,24.35,11293.47134
5/9/16 15:00,25.6,13528.60134
5/10/16 15:00,28.35,15781.76025
5/11/16 15:00,26.6,15207.67931
5/12/16 15:00,28.35,15755.80339
5/13/16 15:00,29.35,15713.27545
5/14/16 15:00,27.85,14886.72621
5/15/16 15:00,24.35,12306.80401
5/16/16 15:00,20.6,11271.58882
5/17/16 15:00,26.6,13499.9967
5/18/16 15:00,26.1,13748.82713
5/19/16 15:00,22.85,10922.69674
5/20/16 15:00,25.6,13823.12455
5/21/16 15:00,26.6,13534.72335
5/22/16 15:00,25.1,14217.86479
5/23/16 15:00,27.1,15140.56307
5/24/16 15:00,29.35,16000.86242
5/25/16 15:00,30.1,17210.99804
5/26/16 15:00,28.85,14671.38181
5/27/16 15:00,29.35,13843.92256
5/28/16 15:00,28.35,14884.83044
5/29/16 15:00,28.85,14816.54338
5/30/16 15:00,27.85,13140.85996
5/31/16 15:00,28.85,15917.75408
6/1/16 15:00,27.35,14940.99311
6/2/16 15:00,22.85,12725.33872
6/3/16 15:00,23.85,13360.60274
6/4/16 15:00,22.85,11440.57542
6/5/16 15:00,25.85,12706.76049
6/6/16 15:00,26.6,15007.84121
6/7/16 15:00,30.1,16420.55643
6/8/16 15:00,30.6,16660.9159
6/9/16 15:00,30.6,16762.95123
6/10/16 15:00,30.1,16884.79442
6/11/16 15:00,31.1,16461.93987
6/12/16 15:00,27.6,13838.65704
6/13/16 15:00,31.1,17366.05224
6/14/16 15:00,31.1,18020.14018
6/15/16 15:00,31.6,18684.54082
6/16/16 15:00,31.6,18896.42769
6/17/16 15:00,31.1,18617.82915
6/18/16 15:00,31.6,17595.72595
6/19/16 15:00,30.6,15437.15443
6/20/16 15:00,31.6,17729.34315
6/21/16 15:00,30.6,16845.52286
6/22/16 15:00,28.85,17105.5512
6/23/16 15:00,31.6,17953.73502
6/24/16 15:00,31.6,17139.09538
6/25/16 15:00,28.1,16275.92662
6/26/16 15:00,31.6,16588.5553
6/27/16 15:00,31.6,18056.29219
6/28/16 15:00,31.6,16908.96685
6/29/16 15:00,29.35,17397.01441
6/30/16 15:00,31.1,17893.8957