locus_of_control,self_concept,motivation,read,write,math,science,female
-.84,-.24,1,54.8,64.5,44.5,52.6,1
-.38,-.47,.67,62.7,43.7,44.7,52.6,1
.89,.59,.67,60.6,56.7,70.5,58,0
.71,.28,.67,62.7,56.7,54.7,58,0
-.64,.03,1,41.6,46.3,38.4,36.3,1
1.11,.9,.33,62.7,64.5,61.4,58,1
.06,.03,.67,41.6,39.1,56.3,45,0
-.91,-.59,.67,44.2,39.1,46.3,36.3,0
.45,.03,1,62.7,51.5,54.4,49.8,1
0,.03,.67,62.7,64.5,38.3,55.8,1
.24,-.43,.33,70.7,43.7,58.8,66.1,0
-1.09,-.26,.33,44.2,41.1,45.1,47.1,0
.46,.03,.67,57.4,59.3,53.9,49.8,1
.68,.06,.67,49.5,51.5,41.2,41.7,1
-.14,-1.05,1,70.7,65.1,66.4,63.4,1
.1,-.16,.33,49.5,59.3,51,47.1,0
.45,.65,1,57.4,56.7,46.9,52.6,1
-1.56,.03,.33,62.7,54.1,53,55.3,1
-1.02,-1.67,.67,45.3,43,52.3,60.7,1
.94,.03,1,68,56.7,59.6,58,1
-.4,.03,1,44.2,54.1,59.3,58,1
-.19,-1.73,1,44.7,47.6,50.3,39,1
.26,.03,.33,48.4,48.9,52.2,43.9,0
.21,.94,0,38.9,48.9,41.8,58.5,0
.7,.87,1,46.9,54.1,46.4,49.8,1
1.36,.94,1,57.4,64.5,49.9,55.3,1
-.84,-.57,.33,33.6,33.3,41,36.3,0
-.68,.03,.33,38.9,38.5,41.2,39,1
-.17,.31,1,65.4,67.1,75.5,71.5,0
.06,.28,1,60.1,59.3,56.2,60.7,1
-.14,.56,1,54.8,61.9,54.6,47.1,1
.96,.03,.67,44.2,51.5,43.2,44.4,1
.23,-.26,0,52.1,61.9,56.3,58,1
.66,0,1,52.1,48.9,48.5,44.4,1
.08,.59,1,57.4,56.7,53.9,60.7,1
-.9,.03,.67,36.3,44.3,36.1,33.6,1
.06,.03,.67,62.7,61.9,58.8,60.7,1
.04,-.47,.67,33.6,59.3,44.7,47.1,1
.66,.34,1,60.1,51.5,53,63.4,0
.46,.03,1,57.4,67.1,47.7,55.8,1
-.14,-.24,.67,54.8,38.5,57,52.6,0
.26,-.57,1,41.6,58.6,54.6,55.3,1
.02,-.14,0,60.1,64.5,67,58.5,1
1.11,.34,1,65.4,64.5,64.1,66.1,0
1.16,-.81,.67,65.4,64.5,48,63.4,0
-.4,.65,.67,44.2,43.7,38.6,33.6,0
-.38,.34,.67,38.9,28.1,35.3,39,0
1.13,.03,1,38.9,54.1,47.5,49.8,0
.08,.94,.33,49.5,52.8,50.6,48.8,0
.06,.94,1,52.1,51.5,57.9,60.7,0
-.64,-.51,.67,49.5,56.7,47.7,44.4,1
.46,.03,1,70.7,56.7,51.3,71.5,0
-1.13,-.55,.33,44.2,46.9,45.5,39,0
-1.05,-1.65,0,46.9,46.3,38.6,47.1,1
-.84,.03,0,36.3,59.3,47.7,39,1
.06,.65,.33,47.4,64.5,53.9,55.8,1
-1.3,.13,.33,44.2,41.1,51.8,47.1,0
.91,-.47,.67,44.2,41.1,50.5,58,0
.28,.03,1,54.8,59.3,49.5,63.4,0
-.4,.03,0,54.8,49.5,55.3,47.1,1
-.86,.28,1,36.3,48.9,54.4,60.7,0
.46,.94,1,65.4,61.9,67.9,66.1,0
.5,-.22,1,54.8,61.9,61.3,60.7,1
.27,-1.05,.33,60.1,54.1,56.3,55.3,0
-.86,1.19,.33,33.6,28.1,31.8,39.6,0
-.89,.56,.33,44.2,41.1,40.3,49.8,0
-1.28,1.19,1,41.6,41.1,45.9,44.4,0
1.36,.87,1,36.3,43.7,37.2,41.7,1
.46,.65,1,49.5,48.9,60.5,55.3,0
.25,-.26,.33,49.5,30.7,40.3,33.6,0
.23,.03,1,62.7,61.9,55.5,55.3,1
-1.33,-.6,.33,34.7,35.2,40.2,50.9,1
.32,-1.17,.33,52.1,54.1,58.1,47.1,1
-.44,-.31,.67,49.5,59.3,42.1,52.6,0
.25,.65,0,49.5,48.9,50.4,63.4,0
-.37,-1.9,.67,54.8,36.5,37.7,49.8,0
.06,1.19,1,65.4,64.5,67.9,63.4,0
-.6,.32,1,38.9,56.7,41.2,33.6,1
.71,.03,.33,46.9,59.3,63,52.6,0
-1.78,.56,1,28.3,46.3,42.8,44.4,1
.04,.03,.67,65.4,51.5,61.2,68.8,0
.66,-.6,0,42.6,56.7,40.3,49.8,1
-1.09,-.9,.67,57.4,59.9,50.5,52.6,1
.06,.03,1,62.7,64.5,71.3,55.3,0
-.66,-.08,1,44.7,33.3,33.7,39,0
.71,1.19,.67,54.8,48.9,52.4,58,0
.75,1.19,1,68,61.9,52.2,60.7,0
.06,-.6,.67,62.7,56,57.3,60.7,1
.43,-1.09,.67,63.3,64.5,52.1,58,1
.3,.56,1,44.2,33.3,37.7,30.9,0
.26,.94,0,54.8,38.5,46.8,36.3,1
.46,-.3,1,53.2,60.6,61.2,56.9,0
-.9,-2.54,0,44.2,43.7,40.2,39.6,1
-.19,-.73,.67,73.3,60.6,64.7,66.1,0
.45,.56,1,52.1,43.7,41.9,47.1,1
.3,-.6,1,49.5,59.3,53.1,60.7,1
-1.78,.56,.33,37.3,43.7,45.4,39,0
.91,.59,1,65.4,67.1,67.1,66.1,0
-.6,-.47,.67,46.9,54.1,49,52.6,1
.68,.03,0,44.2,35.9,43.6,47.1,1
.06,-1.07,0,38.9,48.9,45.2,44.4,1
0,.34,.33,46.9,59.3,53.7,58,1
.46,.03,1,60.1,64.5,56.3,63.4,1
-.63,.44,.33,41.6,43.7,46.8,36.3,1
-.4,-.26,.33,52.1,54.1,55.3,52.6,1
.44,.03,1,55.3,51.5,48,58,1
.91,.65,.33,54.8,48.9,41.9,52.6,1
-1.15,-.47,.67,44.2,56.7,52.2,44.4,1
-.03,.63,.67,52.1,54.1,48.2,55.3,0
-.4,-.47,1,54.8,59.3,51.8,41.7,1
.02,.13,.33,73.3,59.9,70.5,60.7,0
1.36,.44,.67,70.7,58,65.4,63.4,0
-.14,.13,.67,41.6,56.7,51.3,47.1,1
-.17,-.84,.67,62.7,56.7,54.3,58,0
.93,-1.63,.67,38.9,41.1,40.3,34.1,0
-1.99,.03,0,39.4,54.1,38.7,47.1,1
.31,1.19,1,40.5,46.9,40.4,39,1
.71,.03,1,54.8,61.2,53.7,48.8,0
.52,.34,1,65.4,54.1,61.4,58,1
.42,.56,.67,70.7,56,62,67.7,0
-1.74,.61,.33,45.8,34.6,37.9,39,0
.06,.03,1,41.6,46.3,46.2,39,1
1.13,.87,1,57.4,54.7,51.7,49.8,0
.75,1.19,1,60.1,61.9,67.1,49.8,1
1.16,1.19,1,70.7,64.5,72.2,66.1,1
.46,.63,.67,46.9,52.8,49.3,53.1,0
-.45,-.6,.67,52.1,59.9,49.5,48.8,0
-1.5,.03,.67,33.6,48.9,38.6,42.3,0
.71,.34,0,62.7,64.5,57.4,60.7,1
.46,-.55,.33,41.6,54.1,50.3,49.8,1
.71,1.19,.33,54.8,59.3,62.5,68.8,0
1.36,1.19,1,65.4,48.9,66.3,58,0
.3,.03,.67,36.8,59.3,40.7,49.8,1
.93,.65,1,62.7,59.3,71.3,68.8,1
.55,.9,1,62.7,61.9,59.6,60.7,1
.27,.03,.67,57.4,41.1,57,55.3,1
.44,-.16,.67,62.7,48.9,48.8,66.1,0
-1.34,1.19,1,44.2,41.1,44.2,44.4,1
.06,.94,.67,45.3,54.7,44.3,33.6,1
.26,.03,1,60.1,64.5,55.7,63.4,1
-1.33,.65,0,40.5,38.5,47.1,44.4,0
-1.1,-.28,.67,38.9,41.1,45.9,47.1,1
.96,.63,1,65.4,64.5,70.3,66.1,0
.06,.9,.67,38.9,52.8,54.4,49.8,1
.46,.03,0,73.3,61.9,73.1,68.8,0
.68,.03,.67,71.2,63.2,60.2,65.5,0
.68,.32,1,36.3,56.7,41.9,49.8,1
-.44,-1.13,1,54.8,61.9,69.6,60.7,1
.55,-.6,1,54.8,54.1,51.3,41.7,1
-.33,.38,.67,62.7,59.3,56.5,55.3,0
.5,.03,.67,68,59.3,58.8,66.1,1
1.11,-.09,0,44.2,48.9,48,49.8,0
-.43,.03,1,52.1,44.3,53.1,58,0
0,-.42,.67,49.5,51.5,52.9,39,1
.71,.34,.67,68,61.9,64.5,68.8,1
0,-1.09,.67,62.7,51.5,45.9,47.1,1
.91,-.28,1,60.1,67.1,56.2,37.4,1
.06,.03,1,41.6,54.1,41.2,41.7,1
-.59,.03,.33,33.6,54.1,41,41.7,1
.69,.34,1,52.1,56.7,53.4,60.7,1
.68,.03,1,65.4,64.5,51.3,66.1,0
-.82,.63,1,36.8,36.5,41.5,33.1,0
-.66,-.47,1,52.7,41.1,40.2,58,0
.03,.32,1,44.7,56.7,50.3,30.9,0
.71,-.29,.67,57.4,61.9,55.5,58,1
.47,-.09,.33,33.6,33.9,38.8,39.6,1
-1.1,.03,1,38.9,38.5,42.8,41.7,0
-.4,-.76,.67,52.1,35.9,50.3,47.1,0
.23,.44,1,49.5,51.5,45.5,49.8,1
.68,-.47,.33,46.9,61.9,60.5,68.8,0
1.36,.59,1,62.7,67.1,69.6,68.8,0
-.21,-1.38,0,34.2,46.3,44.5,39,0
.06,.56,.33,46.9,41.1,45.3,47.1,0
.91,-1.67,.33,57.4,54.1,54.8,60.7,1
-.4,.88,.33,54.8,45,45.9,58,0
.29,.39,.33,41.6,33.3,37.6,28.2,0
-.39,1.19,1,40.5,59.3,41.9,33.6,1
.3,-.59,1,54.8,46.3,45.5,58,0
.31,.63,1,38.9,56.7,46.3,58,1
.69,.03,.67,49.5,39.8,38.6,49.3,0
.52,-.28,.67,38.9,41.7,33.7,30.9,1
-.38,.03,0,52.1,43.7,49.4,55.3,0
.1,1.19,1,52.1,56.7,62.3,66.1,1
.1,.03,.33,49.5,56.7,48,47.1,1
-.42,-.6,1,54.8,56.7,64.7,58,0
.33,-.26,1,52.1,67.1,57,63.4,1
.06,-.59,0,44.2,41.1,59.8,44.4,0
1.14,1.19,1,65.9,67.1,67.1,60.7,1
.46,.03,.67,52.1,56.7,53,47.1,1
.46,.34,.67,62.2,56.7,51.9,54.7,0
.68,.94,1,62.7,52.1,66.1,68.8,0
.1,.56,.67,54.8,61.9,60.4,55.3,0
.05,.15,1,44.2,49.5,40.5,39,1
0,.65,1,68,64.5,58.3,58.5,1
-.6,.34,0,49.5,41.7,50.3,36.3,0
-1.57,.65,.33,52.1,56.7,45.2,55.3,0
1.36,.94,1,52.1,48.9,51.3,41.7,1
0,.65,.67,46.9,33.3,50.4,47.1,0
-.93,-.8,.33,52.1,51.5,49.5,55.3,0
.32,.9,.67,52.1,59.3,58.1,47.1,1
.26,.03,1,57.4,51.5,55.3,60.7,0
.2,-.47,.67,56.4,49.5,51.9,47.1,0
.23,.15,.33,49.5,51.5,48,52.6,0
-.16,.65,1,68,61.9,69.7,71.5,0
-.61,.36,0,44.2,48.9,46.1,47.1,1
.66,.34,.67,54.8,56.7,61.9,63.4,1
.46,.03,.67,54.8,54.7,56.9,58,0
.29,.03,1,49.5,48.9,56.2,47.1,1
-.66,-1.07,.67,49.5,61.9,60.4,47.1,1
.26,1.19,1,52.1,52.8,37.6,52.6,0
.44,-.47,.33,62.7,64.5,48,63.4,0
-.19,-.85,0,54.8,60.6,55.5,58,1
.52,.65,.33,54.3,62.5,56.6,54.7,0
.91,.34,1,52.1,54.1,58.1,55.8,0
.06,.32,.67,49.5,43.7,55.5,68.8,0
-1.55,.03,0,36.3,41.1,43.5,33.6,0
.42,-.47,.33,73.3,61.2,57.4,54.7,1
.67,.03,.67,52.1,56.7,51.1,55.3,1
.06,.59,1,52.1,51.5,45.4,39,1
-.16,.03,.33,44.2,59.3,49.5,55.3,0
.49,1.19,1,46.9,51.5,50.6,49.8,0
-.8,.15,.33,41.6,41.1,39.5,47.1,1
-.47,.28,1,65.4,61.9,47.1,60.7,1
.46,.03,1,41.6,64.5,47.1,53.1,1
-.34,.59,1,38.9,33.9,35.1,44.4,1
.1,1.19,1,38.9,35.9,46.8,39,1
.52,-.59,.67,41.6,59.3,38.6,36.3,1
.23,.03,1,52.1,59.3,52.9,60.7,1
.49,.94,1,49.5,39.8,44.5,55.3,0
.08,.03,1,54.8,67.1,47.4,49.8,1
.48,.69,.67,62.7,43,58.9,65,0
.57,-2.62,0,38.9,28.1,38.4,44.4,1
-.38,.37,.67,44.2,43.7,46.1,47.1,1
1.11,-1.05,.33,70.7,67.1,63,63.4,1
-.04,-.29,.67,41.6,38.5,40.2,33.6,1
.46,.59,1,52.1,62.5,53.6,56.3,1
-.83,1.19,.67,38.9,38.5,44.4,26,0
0,.34,1,62.7,59.9,65.4,53.6,1
.28,.32,1,52.1,54.1,56.5,55.3,0
-.22,-1.34,.67,46.9,31.3,43.6,36.3,0
0,-.18,0,62.7,59.3,55.5,45.5,1
-.44,-.55,.33,46.9,38.5,47.1,41.7,0
.26,.88,1,65.4,59.3,62.3,60.7,0
.46,-.47,0,49.5,61.9,41.4,55.3,1
1.16,1.19,.33,55.3,46.9,49.1,54.2,0
.01,.32,0,52.1,41.1,50.6,52.6,0
.93,.03,1,65.9,67.1,70.5,52.6,1
1.16,-.72,.67,56.9,64.5,72.2,54.2,1
.46,.65,1,68,59.3,57.9,74.2,0
.89,.32,.67,46.9,44.3,48.7,53.1,0
.91,.03,1,57.4,59.3,55.5,55.3,1
.73,.03,1,62.7,62.5,68.9,60.7,1
.46,.03,0,49.5,46.3,46.2,41.7,0
-.22,.32,.33,35.2,38.5,39.9,34.7,1
0,.15,.33,73.3,64.5,75.5,60.7,0
.73,-1.42,.33,38.9,41.1,41,36.3,1
.25,.34,1,49.5,61.9,42.9,41.7,1
.31,.03,1,54.8,48.9,61.2,60.7,0
.93,.34,1,46.9,54.1,54.6,55.3,0
.51,-1.29,.33,39.4,41.7,46.9,35.2,1
-.49,.03,0,46.9,37.2,42.8,41.7,1
-.59,1.19,.67,36.3,36.5,35.1,33.6,0
-.59,.28,1,46.9,51.5,48.5,49.8,1
.29,.88,.67,33.6,43.7,40.2,39,1
-.23,.69,.67,46.9,61.9,48,39,1
.45,.03,.67,60.1,61.9,51.9,53.1,1
.28,-.06,.33,44.2,30.7,35.3,47.1,0
-.49,.03,.33,65.4,59.3,56.8,66.1,0
.44,.65,1,52.1,54.1,54.6,41.7,0
.53,.81,.67,54.8,59.3,61.4,47.1,1
.46,.03,.33,44.7,38.5,45.9,44.4,1
.48,-.47,.33,52.1,61.9,55.5,60.7,1
-.39,-.28,.67,44.2,51.5,51.1,63.4,0
-.43,.13,.33,38.9,44.3,51.6,43.9,1
.75,-.72,.67,42.6,46.3,41.2,28.2,1
.91,.34,1,68,59.3,53,63.4,1
-1.76,-.93,.67,36.3,38.5,36.4,36.3,1
.46,-.86,1,68,59.3,60.5,55.3,1
.66,.03,1,52.1,56.7,41.9,52.6,1
-1.58,-.26,.33,62.7,48.9,35.3,66.1,0
-.19,.03,.33,54.8,51.5,42.8,60.7,0
.46,1.19,.67,65.9,64.5,61.8,60.7,1
-.41,.28,.33,46.9,35.9,42.6,58,0
0,.65,1,52.1,61.9,62.1,58,0
.22,.03,.33,52.1,54.7,49.5,53.6,1
.06,-.29,.67,57.4,64.5,51.1,63.4,0
.46,.34,1,57.4,54.1,59.6,60.7,1
0,.03,.33,52.1,59.3,50.4,60.7,0
-.65,.03,.33,41.6,39.1,42.3,41.7,1
-.6,-1.18,.67,54.8,59.3,68,49.3,1
-.4,-1.8,.33,50,45,42.9,41.7,1
.71,.34,.67,52.1,41.1,51.3,60.7,0
-.45,-.26,0,38.9,35.9,44.2,55.3,0
.52,.03,1,46.9,51.5,53.7,41.7,1
-1.15,-1.38,1,49.5,56.7,46.1,53.6,1
1.36,.63,1,68,64.5,58.9,63.4,1
.68,1.19,.33,41.6,41.1,57.2,71.5,0
.49,.44,.67,53.7,43.7,51.1,52,0
-.11,.25,1,44.2,44.3,45.6,39,0
.71,.03,1,46.9,61.9,46.2,60.7,0
-1.58,.56,.67,49.5,33.3,48.7,44.4,0
-.21,-1.13,0,38.9,41.1,43.6,55.3,0
.48,-.82,.33,62.7,64.5,58.2,61.8,1
.26,.03,1,62.7,59.3,53.2,63.4,0
.75,-.49,.33,41.6,41.1,41.2,44.4,0
.06,.03,1,54.8,41.1,42.8,47.1,0
-.84,-.18,0,33.6,46.3,38.4,36.3,1
1.36,.65,1,46.9,51.5,57,49.8,1
.23,.94,1,57.4,67.1,57.9,60.7,1
-.44,-.78,1,58,48.9,43.8,44.4,1
-.38,.03,1,60.1,54.1,58,58,0
-.18,.03,.67,44.2,48.9,56.3,41.7,0
1.13,.63,.67,60.1,64.5,57.9,60.7,0
-.4,.03,0,44.2,33.3,47.8,44.4,0
1.16,1.19,1,60.1,59.3,55.3,58,1
.06,.28,1,65.9,63.2,50.3,60.1,1
.46,.03,.67,54.8,64.5,58.6,55.3,0
.28,1.19,1,56.4,59.3,38.5,55.3,1
1.13,.03,.33,43.2,54.1,54.8,55.3,1
.3,-1.09,0,51.1,56.7,55.3,47.7,1
.27,-2.52,.33,38.9,32,35.3,46.6,1
-1.05,-.34,.67,44.2,38.5,41.4,42.3,0
1.13,.03,.67,62.7,64.5,64.5,52.6,1
.06,.03,0,46.9,51.5,57.2,52.6,0
-.4,-1.34,1,57.4,61.9,55.5,49.8,1
.91,.03,1,60.6,59.3,49.4,44.4,1
-.17,.03,.67,44.2,59.3,45.7,55.3,1
.68,.25,1,44.2,51.5,36.9,49.8,1
.33,.28,.67,52.1,46.3,48.1,55.3,0
-.16,-.53,.67,62.7,61.9,67,66.1,0
.68,.87,1,54.8,56.7,56.9,58,0
-1.09,.03,.33,46.9,43.7,41.9,41.7,1
.28,.03,1,73.3,64.5,68,63.4,0
.47,.34,.67,33.6,43,41,49.8,1
.46,.34,1,52.1,46.3,50.4,52.6,0
-.4,-.89,.33,41.6,56.7,45,50.4,1
-1.28,.34,.33,31,35.9,46.1,39,0
.46,-.47,.67,68,64.5,70.6,68.8,0
-.38,.56,1,33.6,36.5,45.7,39,0
-.03,.87,1,53.2,46.3,43,41.7,0
.49,.94,1,54.8,56.7,63.8,60.7,0
.11,-1.42,1,60.1,59.3,62.1,60.7,1
-2.23,1.19,.33,44.2,38.5,41.2,49.8,0
1.13,.03,.33,45.8,41.7,43.1,53.6,0
.47,.34,.67,44.2,48.9,48,39,1
.22,-.28,0,36.3,48.9,39.5,41.7,1
.68,-.26,1,62.7,61.9,56.2,47.1,0
-.71,-2.29,.33,65.4,64.5,63.7,58,1
.2,-.47,.33,38.9,38.5,53,52.6,0
.48,.32,1,49.5,54.1,38.7,49.8,1
.91,-.47,.67,57.4,59.3,57.2,59.1,1
.06,.03,.67,54.8,54.1,47.1,49.8,1
.02,.03,.33,41.6,35.9,37.7,41.7,1
.46,.94,.33,36.3,30.7,44.8,39.6,0
-.89,-1.23,1,44.2,48.9,43.8,35.2,1
.46,.32,.67,49.5,54.1,47.8,60.7,1
.26,.03,1,49.5,35.9,47.8,52.6,0
-.27,.88,1,52.1,64.5,60.6,60.7,0
-.93,.65,1,47.4,45.6,49.4,42.3,1
.46,-1.11,.33,65.4,67.1,67,66.1,1
.23,-.76,1,65.4,64.5,59.6,66.1,1
.96,.87,1,57.4,64.5,48,47.1,1
-.36,-1.67,1,44.2,43.7,56.4,58,0
.06,.32,0,60.1,54.1,49.9,49.8,1
.22,-.76,1,31,41.1,49.2,33.6,1
-1.05,.28,.67,62.7,64.5,66.3,58,0
-.19,-1.67,0,42.1,39.8,42.2,38.5,1
-1.33,.03,.67,41.6,30.7,56.9,47.1,0
.21,-.28,.67,46.9,41.1,53.6,41.7,0
-.44,1.19,1,60.1,54.1,59.6,55.3,0
-.23,.44,.33,33.6,35.2,40.9,29.3,1
.32,-.88,.33,57.4,54.1,42.2,44.4,0
-.93,-.22,.67,65.4,64.5,65.5,60.7,0
.48,.03,1,60.1,46.3,51.4,52.6,0
-1.81,-.64,1,41.6,54.1,46.9,47.1,1
.71,-.05,.67,52.7,47.6,52.2,45,1
-.54,-.59,1,38.9,35.9,38.4,33.6,1
.1,.03,0,62.7,48.9,42.1,66.1,0
.26,.94,1,60.1,59.3,51.8,53.1,1
1.11,.34,1,73.3,67.1,62.3,58,1
-.84,-2.6,.33,44.2,64.5,53,55.3,1
.02,-2.03,.67,38.9,59.3,39.5,39,1
.66,-.47,.67,54.8,59.3,50.6,60.7,1
.27,.03,.67,46.9,56.7,63.8,55.3,1
.45,.03,.67,41.6,25.5,44.3,36.3,0
.55,.34,1,62.7,61.9,72.9,63.4,0
.46,.65,1,68,54.1,63,63.4,0
-.37,-.47,.67,41.6,48.9,42.6,49.8,0
-.4,-1.09,.67,62.7,43.7,47.1,52.6,0
.55,.63,1,54.8,59.3,62.3,58,0
.87,.87,.67,57.4,61.9,62.8,55.3,1
.68,.34,1,57.4,56.7,62.8,58,0
.71,.03,.67,41.6,59.3,41.9,44.4,1
-1.33,.03,1,41.6,48.9,33.7,44.4,0
.24,-.35,1,30.5,35.9,36.9,33.6,0
.43,-.47,1,42.6,50.8,44.6,39,1
.65,-.3,1,60.1,61.9,74.6,58,0
.75,-.26,.67,41.6,35.9,42,31.4,1
0,-.82,.67,54.8,67.1,63.8,49.8,1
.06,.28,1,44.2,54.1,47.1,58,1
.02,-1.05,.33,60.1,64.5,61.2,60.7,1
.32,.28,.67,62.7,63.2,68.9,74.2,0
-.88,-.29,.33,44.2,54.1,41,49.8,0
.43,-.05,.67,54.8,45.6,51.8,60.7,0
-1.28,-1.05,.33,57.4,43.7,57.8,60.7,0
-.35,-.89,0,49.5,67.1,66.4,66.1,1
-.16,-2.58,1,52.1,59.3,58.1,52.6,1
-.16,-.47,.67,36.3,61.9,52.2,39,1
.7,-.16,1,49.5,61.9,50.9,46.1,0
.55,-.24,.67,46.9,56.7,54.6,47.1,1
1.12,-.74,.67,31,41.1,36,36.9,1
0,.65,1,54.8,64.5,51.1,49.8,0
-.65,-1.17,0,36.3,30.7,45.9,36.3,1
.66,.03,.33,65.4,59.3,67.1,66.1,0
-.47,-.47,0,52.1,57.3,63.7,58,1
.52,.34,1,52.1,54.1,51.4,49.8,0
-.38,.03,1,45.3,38.5,43.5,40.1,1
-.83,.13,1,41.6,35.9,36.7,36.3,0
.67,-.59,.67,54.8,64.5,55.3,49.8,1
.06,.03,1,68,61.9,55.5,49.8,1
.27,.34,1,49.5,48.9,48,41.7,1
-.16,-.45,.67,49.5,54.1,61.9,52.6,1
-.21,.03,1,41.6,43.7,51.1,49.8,0
-.68,.32,.67,36.3,44.3,34.4,47.1,0
1.16,.59,1,36.3,45,44.3,39,1
1.13,.87,1,76,62.5,60,67.2,1
-.89,-.18,.67,44.2,43.7,44.5,41.7,1
0,.03,.67,61.1,61.2,62.2,57.4,1
.22,-.76,.67,45.8,52.1,54.9,44.4,1
.46,-.22,1,70.7,64.5,68.7,58,1
.48,.63,1,54.8,48.2,58.7,51.5,1
.06,.03,1,57.4,54.1,58.9,47.1,0
-.89,-1.29,.33,60.1,64.5,41,52.6,1
-.69,-1.13,.67,46.9,54.1,45.4,44.4,1
-.14,-.86,0,38.9,46.3,50.1,36.3,1
.07,.34,1,65.4,59.3,51.2,60.7,1
.68,.03,1,44.2,48.9,46.2,47.7,1
.2,-2.54,0,54.8,61.9,63.6,63.4,0
-.04,.65,1,44.2,44.3,61.1,49.8,0
-.44,-.84,.33,46.9,46.3,45.9,37.9,0
.73,.03,1,65.4,59.3,69.6,63.4,0
.06,-.28,1,65.9,64.5,54.6,60.7,1
.2,.56,.67,60.1,52.8,51.5,58,0
.68,.03,1,65.4,67.1,64.5,60.7,1
.68,-.6,.33,52.1,64.5,59.7,55.8,1
.02,.28,.67,44.2,51.5,52.9,52.6,0
.68,-.53,1,48.4,48.2,60.5,60.1,0
-.18,-1.09,.67,62.7,56.7,58.8,71.5,1
1.36,.65,.67,59,56.7,52.9,48.8,1
-1.33,-.26,.67,38.4,37.2,33.4,30.9,1
.06,.44,.67,52.1,61.9,66.3,47.1,0
.91,.15,0,54.8,56.7,55.5,58,1
.06,-.29,.67,49.5,56.7,68.1,49.8,1
-.42,.03,.33,46.9,35.9,41.9,36.3,0
.02,-.32,1,46.9,46.3,52,47.7,1
.32,1.19,1,57.4,61.9,64,55.8,0
.22,.03,.67,60.1,41.7,52,52.6,0
-.67,-.47,0,44.2,48.9,43.1,55.3,0
.48,.03,1,65.4,61.9,60.4,63.4,1
.89,.34,.33,57.4,61.9,72.2,60.7,1
-1.33,.03,.67,57.4,56.7,59.8,58,0
-1.06,.03,.67,46.9,56.7,48,44.4,1
.89,.15,.67,68,59.3,56.6,50.4,0
-.19,-2.58,0,41.6,54.1,41,41.7,1
-1.33,.34,0,44.2,41.1,36.9,41.7,1
.51,.03,.33,60.1,51.5,53.9,63.4,1
1.36,.63,1,62.7,61.9,68.6,68.8,0
-.27,.94,0,44.7,54.1,50.4,45,0
-.22,-2.27,0,57.4,51.5,40.3,60.7,1
.69,.05,.67,60.1,59.3,57.9,40.6,0
1.13,.56,1,60.1,48.9,50.4,55.3,0
-.44,-.47,.33,38.9,46.3,41.9,41.7,1
1.36,-1.18,1,62.7,61.9,63.1,60.7,1
.44,.65,1,46.9,46.3,48.5,32.5,1
.06,.65,0,65.4,59.3,56.8,46.1,1
-.24,-.16,.33,62.7,61.9,52.4,47.1,1
.27,.03,1,60.1,51.5,48.1,52.6,0
.46,.03,.67,62.7,54.1,54.8,55.3,0
-1.14,-.06,1,36.3,46.3,36.9,41.7,0
.46,-.28,1,57.4,56.7,56.4,63.4,1
.22,1.19,.33,38.9,33.3,37.7,47.1,0
1.16,.63,.67,58.5,54.1,46.3,48.2,1
1.16,.03,1,70.7,67.1,61.2,60.7,1
1.36,-.8,.67,52.1,59.3,59.6,59.1,0
.08,-.24,.33,52.1,59.3,48,55.3,1
-.4,.65,0,52.1,46.3,51.3,58,0
.31,1.19,1,46.9,44.3,41.9,39,1
-.61,.34,.67,68,54.1,74.6,66.1,0
-1.33,.03,.33,38.9,30.7,40.4,39,0
.71,.28,1,60.1,64.5,63,68.8,1
.28,.94,1,54.8,56,43.5,49.8,1
.91,-.47,1,46.9,64.5,55.8,61.8,1
-1.1,.03,0,46.9,40.4,42.8,45,0
-.4,-.22,.67,52.1,38.5,36.1,44.4,1
.06,.03,1,46.9,41.1,46.2,39.6,1
1.16,.32,1,60.1,54.1,48.6,58,0
.05,-.88,.67,62.7,63.2,74.6,71.5,0
1.36,.03,.67,46.9,59.3,56.3,66.1,1
.26,.87,1,49.5,61.9,61.4,63.4,1
.06,.03,0,44.2,33.3,53.9,58,0
.52,.59,1,68,59.9,64,68.8,1
-.43,-1.22,0,41.6,46.9,55.5,44.4,0
.89,.88,1,52.1,59.3,64,61.2,1
.06,.03,1,44.2,54.1,51.4,39,0
.02,.03,.67,65.4,56.7,62.3,58.5,1
-.6,.28,1,33.6,41.1,42.9,41.7,1
.03,.28,.33,52.1,54.1,52,55.3,0
1.14,.63,1,55.3,53.4,44.5,53.6,1
0,.34,.33,46.9,56.7,57.2,58,0
-.44,.03,.33,41.6,38.5,38.7,56.3,0
.71,-.55,1,60.1,59.3,64.3,60.7,1
.25,-.47,.33,76,67.1,72.2,66.1,1
.06,.32,1,62.7,64.5,70.5,68.8,1
.06,.56,1,49.5,56.7,46.2,55.3,0
-.18,.15,0,38.9,28.1,36,36.3,0
-.83,.65,.33,44.2,59.3,55.5,36.3,1
-.84,.34,0,41.6,46.3,59.6,63.4,0
.06,.03,.33,68,59.3,71.3,66.1,0
.7,-.16,.33,68,59.3,55.7,63.4,0
.22,1.19,1,57.4,54.1,48.8,55.3,0
.32,.9,.67,33.6,51.5,41.9,49.8,1
-.6,.56,.33,36.3,43.7,44.3,47.1,0
1.16,.09,1,46.9,52.1,42.5,47.7,1
.45,-.91,.33,41.6,41.1,42.8,49.8,0
-.2,1.19,1,41.6,46.9,41.7,47.1,1
.22,-.57,1,61.1,67.1,64.5,50.4,1
.03,.03,1,41.6,43,44.5,39,1
.52,.34,1,46.9,64.5,59.6,49.8,1
.32,.65,1,54.8,61.9,58.1,58,1
.68,.03,.33,73.3,64.5,64,60.7,0
.96,.94,.67,46.9,50.2,46.5,47.1,1
-.6,.9,.67,46.9,61.9,45.4,33.6,1
.71,.03,1,68,61.9,72.2,66.1,1
.75,.34,1,47.4,41.7,51.6,38.5,1
.46,-.18,1,52.1,46.3,48.3,58,0
.46,.34,.67,62.7,61.9,52.9,44.4,1
-.45,-.64,.33,65.4,56.7,55.2,52.6,0
-.19,1.19,1,60.1,61.9,54.6,60.7,1
-1.33,.03,1,36.3,28.1,53.7,33.6,0
-.38,.03,1,38.9,41.7,37.7,44.4,0
.45,.03,1,49.5,46.3,52.9,52.6,1
.06,.03,0,38.9,41.1,32.7,41.7,1
-.18,.28,.33,44.2,51.5,46.1,47.1,1
.66,.34,.33,33.6,38.5,42.9,47.1,0
.71,.03,.33,46.9,46.9,41,41.7,0
.06,.03,.67,46.9,60.6,51.3,63.4,1
.23,-.6,1,57.4,67.1,68,59.1,1
-.24,.03,.67,45.8,54.1,49.5,47.1,1
1.11,.9,.33,55.3,50.2,41.7,58.5,1
.68,.88,1,46.9,61.9,53,52.6,1
.66,.34,1,56.9,49.5,49.5,50.9,1
1.16,.65,1,65.4,67.1,63.1,55.3,1
-.44,-.47,1,54.8,65.1,66.1,49.8,1
-.14,-.6,.33,44.2,48.9,54.3,49.8,1
.46,.56,.67,44.2,54.1,52.2,44.4,1
-.68,-.26,0,60.1,51.5,56.8,60.7,0
.46,.34,1,76,52.1,64.1,63.9,0
.46,-.47,.67,50,41.1,45.1,44.4,1
-.41,.03,.67,49.5,51.5,45.1,58,1
-.6,-.26,.67,49.5,41.1,38.4,52.6,1
-.51,-1.98,0,60.1,57.3,58.8,58,0
1.13,-.6,.67,73.3,67.1,71.3,63.4,0
1.13,.88,.33,49.5,51.5,52.7,55.3,1
.89,.65,.67,68,48.9,56.3,63.4,1
.06,.03,1,43.2,47.6,45.6,47.1,1
-.6,-1.43,1,38.9,51.5,38.6,39,0
.46,-1.17,0,68,62.5,65.4,60.7,1
.06,.03,.67,46.9,56.7,56.1,60.7,0
.26,-.26,0,49.5,56.7,43.8,47.1,1
.05,-.6,0,57.4,51.5,40.6,46.6,0
.47,.03,.67,62.7,59.3,48.8,55.3,0
-.03,-.16,0,33.6,43.7,42.6,47.1,0
.2,-.55,.67,60.1,61.9,48.7,49.8,1
-.14,.34,.33,49.5,46.3,44.8,58,0
-.41,.34,.67,52.1,38.5,57.9,52.6,0
-.44,-.22,0,44.2,33.3,40.9,47.1,0
.28,.03,.67,62.7,67.1,65.6,61.8,1
-1.3,.03,1,54.8,41.1,40.2,44.4,0
-.16,.03,1,57.4,57.3,64,58,1
.46,-1.17,.33,46.9,30.7,40.3,58,0
.71,-.06,.67,44.2,37.8,49.2,39,0
.2,-.47,.33,38.9,54.1,53.7,52.6,1
-.84,-1.09,.33,41.6,41.7,45.1,36.3,0
.22,.32,1,49.5,56.7,62.8,49.8,0
.47,.01,1,68,64.5,61.5,55.3,0
-.82,-.76,0,57.4,43.7,59.6,52.6,0
-2.23,1.19,1,36.3,38.5,39.3,39,0
.09,-1.42,.33,52.1,61.9,59.6,58,0
.1,.32,.67,40,40.4,42.4,48.8,1
.08,.94,.67,73.3,61.9,60.5,71.5,0
.06,.03,1,54.8,59.3,46.2,47.1,1
.03,.56,.67,65.4,67.1,63,66.1,0
-.61,.03,.33,44.2,54.1,40.3,52.6,1
.02,.03,.33,62.7,54.1,64.7,58,0
.46,.03,1,52.1,56.7,62.8,47.1,1
.94,-.3,1,60.1,67.1,52.4,55.3,1
.23,.03,1,65.4,56.7,65.4,58,1
.46,.03,1,65.4,51.5,61.4,60.7,1
.51,.03,1,54.8,54.1,66.4,41.7,1
.25,.03,.67,49.5,51.5,55.5,44.4,1
